"SITE NAME","SITE CODE","SITE ENGINEER","FULL NAME OF CARETAKER","NAME","NIC","PAYMENT","HOLD","BANK","BRANCH","ACCOUNT","OK TO PAY FOR SEPTEMBER 2013","REMARKS","CORRECTED ACC #"
"4TH MILE POST ","NA-TCM-8164","ABEYNAYAKA","MAHA KUMARAGE ANURA JAYAKODY","M.K.ANURA JAYAKODY","581072210V",6000.00,,"BOC","CHAINA BAY","70762029","CONFIRMED",,
"ADIYAGALA","NAANP-8101","KEERTHI","MUDALIGE SHANTHI","M.SHANTHI","616812475V",6000.00,,"BOC","KEKIRAWA","3793368","CONFIRMED",,
"ALAHERA ","NAMTL-8096 ","DINESH","WIJESOORIYA MUDIYANSELAGE GAMINI PRIYADARSHANA WIJESOORIYA","W.M.G.P WIJESOORIYA","663193228V",6000.00,,"BOC","BAKAMOONA","70955893","CONFIRMED",,
"AMBALE","NA-KUG-8104","SANJAYA","GARDIYA WALEGAMEGE KANTHI","G.W.KANTHI","608314431V",6000.00,,"BOC","ANAMADUWA","7994082","CONFIRMED",,
"AMBANPOLA","NA-KUG-8099","KEERTHI","DISSANAYAKA MUDIYANSELAGE RANBANDARA","D.M RANBANDARA","680710929 V",6000.00,,"HNB","AMBANPOLA","19020332400","CONFIRMED",,
"ARACHCHIKATTUWA","NA-PTM-8014","SANJAYA","CHANDRASEKARA HERATH HETIHAMI KORALLEGE LAL DHAMMIKA UPAJEWA","C.H.H.K.L.D.UPAJEWA","601490200X",6000.00,,"COM","CHILAW","8430029204","CONFIRMED",,
"ARALAGANWILA","NA-PLN-8063","ABEYNAYAKA","WIJESINGHE GAMA ARACHCHIGE WEERASINGHE","W.G.A.WEERASINGHE","620225231V",6000.00,,"BOC","ARALAGANWILA","5916753","CONFIRMED",,
"BAKAMUNA","NAMTL-8075 ","ABEYNAYAKA","MALAGAMMANA UDATHENNEGEDARA PRIYANTHA RANASINGHE","M.U.P RANASINGHE",688370663,6000.00,,"PEO","NAULA","242200110019675","CONFIRMED",,
"BARIGODA ","NAKUG-8088","RUWINGA","MUNNIPURAGE SANJEEWA UDAYA KUMARA","M.P.S.U.M.KUMARA","772610750V",6000.00,,"BOC","KULIYAPITIYA","70181548","CONFIRMED",,
"BINGIRIYA","NA-KUG-8035","SANUKA","JAYAMAHA HITIHAMILLAGE AMILA DUMINDA JAYAMAHA","J.H.A.D.JAYAMAHA","850144907V",6000.00,,"BOC","BINGIRIYA","8636374","CONFIRMED",,
"BULANKULAMA","NA-ANP-8128","KEERTHI","PATHIRANA GAMMACHCHARINGE SUJITH SANJEEWA RATHNASIRI","P.G.S.S. RATHNASIRI","792170781V",6000.00,,"BOC","ANURADHAPURA","9933433","CONFIRMED",,
"DEHIATHTHAKANDIYA","CA-AMP-6062","ROSHAN PRADEEPA","DISSANAYAKE MUDIYANSELAGE NILANTHA KARUNARATHNA","DMN KARUNARATHNA","763092712V",6000.00,,"SAM","MAHIYANGANA","1056 5333 2456","CONFIRMED",,
"DIYABEDUMA","NA-PLN-8095","ABEYNAYAKA","SIMANMERU PATHIRANAGE SUSANTHA KUMARA","S.P.SUSANTHA KUMARA","761392794V",6000.00,,"COM","KADURUWELA","8880012255","CONFIRMED",,
"DIYASENPURA ","NA-PLN-8110","ABEYNAYAKA","DALPITIYA MUDIYANSELAGE SISIRA KUMARA DALPITIYA","D.M.S.K.DALPITIYA","720193353V",6000.00,,"SEY","HINGURAKGODA","0510-01710982-101","CONFIRMED",,
"ELAYAPATHTHUWA ","NA-ANP-8133","AMILA K","JAYAWARDHANA MUDIYANSELAGE NANDANASIRI JAYAWARDENA","J.M.N. JAYAWARDENA","750613730V",6000.00,,"BOC","ANURADHAPURA","1556851","CONFIRMED",,
"GALENBINDUNUWEWA","NA-ANP-8040","KEERTHI","RANAWERA KORALALAGE DON JAYASINGHE ","R.K.D. JAYASINHE","601193639V",6000.00,,"PEO","GALENBINUWEWA","177200110030601","CONFIRMED",,
"GALEWELA ","NAMTL-8020","DINESH","KAVIRAJ THILAKARAHTNE ARACHCHILAGE JANAKA THILAKARATHNE","K.T.A.J.THILAKARATHNE","735370863V",6000.00,,"NSB","DAMBULLA","1-0103-01-2617-9","CONFIRMED",,
"GALGAMUWA ","NA-KUG-8024","KEERTHI","HERATH MUDIYANSELAGE JAYATHILAKA","H.M JAYATHILAKA","703271944V",6000.00,,"PEO","GALGAMUWA","184-2-001-3-6047100","CONFIRMED",,
"GALKULAMA_PTM","NA-PTM-8037","SANJAYA","KODITHUWAKKU ARACHCHIGE GODWIN SATHARAKULASINGHE","K.A.G.SATHARAKULASINGHE","540212945V",6000.00,,"COM","PUTTLAM","8148006320","CONFIRMED",,
"GALOYA-JUNC ","NA-PLN-8103","ABEYNAYAKA","WEERASANGIRI GEDARA ASANKA UDAYAKUMARA","W.G.ASANKA UDAYAKUMARA","853074950V",6000.00,,"PEO","HINGURAKGODA","006-2-001-4-0052379","CONFIRMED",,
"GAMBIRIGASWEWA","NA-ANP-8155","AMILA K","ADAMBAWA ABDUL MAJINDU","A.A. MAJINDU","642063197V",6000.00,,"HNB","ANURADHAPURA","010020284340","CONFIRMED",,
"GIRITALE","NA-PLN-8138","ABEYNAYAKA","ABEYSINGHE MUDIYANSELAGE NILUKA CHATHURANI ABEYSINGHE","A.M.N.CHATHURANI ABEYSINGHE","847861266V",6000.00,,"SAM","HINGURAKGODA","111053855453","CONFIRMED",,
"HETTIPOLA_KRG","NA-KUG-8058","SANUKA","HALAWATHAGE ANACLITUS ANTONY PERERA","H A A PERERA","570792431V",6000.00,,"NSB","HETTIPOLA","1-0709-01-15711","CONFIRMED",,
"HINGURAKGODA","NA-PLN-8028","ABEYNAYAKA","GODAYALAGE SAMANTHA JAYAWEERA","G.SAMANTHA JAYAWEERA","861764729V",6000.00,,"SAM","HINGURAKGODA","111053798549","CONFIRMED",,
"HIRIPITIYA ","NAKUG-8052","SUJEEWA","WEERAHANNADIGE DARMASIRI","W.D. FERNANDO","712580046V",6000.00,,"NDB","KURUNEGALA","7106017254","CONFIRMED",,
"HOROWPOTHANA","NA-ANP-8089","AMILA K","WANNIHAMIGE SENARATHNA","W.SENARATHNA","660811613V",6000.00,,"PEO","HOROWPOTHANA","218200170018767","CONFIRMED",,
"IBBAGAMUWA ","NA-KUG-8048","SUJEEWA","ABEYKOON MUDIYANSELAHE ANURA ABEYKOON BANDARA","A M A A BANDARA","600100971 V",6000.00,,"PEO","IBBAGAMUWA ","207 2 001 4 5932827","CONFIRMED",,
"INAMALUWA","NAMTL-8135 ","DINESH","VEDAGEDARA KULASOORIYA","V.KULASOORIYA","556832048V",6000.00,,"KDB","DAMBULLA","02400100495","CONFIRMED",,
"JAYANTHIPURA (*)","NA-PLN-8059","ABEYNAYAKA","ADIKARAM MUDIYANSELAGE ROHINI","A.M.ROHINI","608614192V",6000.00,,"BOC","JAYANTHIPURA","7168607","CONFIRMED",,
"KAHATAGASDIGILIYA ","NA-ANP-8053","AMILA K","KARUNATHILAKA MUDIYANSELAGE INDIKA SANJEEWA KARUNATHILAKA ","K.M.I.S. KARUNATHILAKA","762300893V",6000.00,,"BOC","KAHATAGASDIGILIYA","699800","CONFIRMED",,
"KALAWEWA","NA-ANP-8102","KEERTHI","MUHAM MADU RASIDU MUHAMMADU FALITH","M.M.R.M FALEEL","700803775V",6000.00,,"PEO","KEKIRAWA","042200197505958","CONFIRMED",,
"KALPITIYA","NA-PTM-8015","SANJAYA","GAGAHI GAMAGE KALAL IFTHIKAR","G.G.K.IFTHIKAR","781381802V",6000.00,,"BOC","KALPITIYA","70683842","CONFIRMED",,
"KANDALAMA","NAMTL-8094 ","DINESH","WARNASOORIYA MUDIYANSELAGE IHALA GEDARA RANJITH WARNASOORIYA","W.M.I.G.R.WARNASOORIYA","702950090V",6000.00,,"PEO","DAMBULLA","138-2-001-0-5454986","CONFIRMED",,
"KARUWALAGASWEWA","NA-PTM-8131","SANJAYA","RANGE BANDHARELAGE SENAWIRATHNA BANDARA","R.B.S.BANDHARA","593421759V",6000.00,,"COM","PUTTLAM","8148006417","CONFIRMED",,
"KATUPOTHA ","NAKUG-8092","RUWINGA","DISSANAYAKA MUDIYANSELAGE SENARATH GAMINI BANDARA DISSANAYAKA","D.M.S.G.B. DISSANAYAKA","750463762V",6000.00,,"BOC","KATUPOTHA","6581815","CONFIRMED",,
"KEBITHIGOLLEWA","NA-ANP-8054","AMILA K","REV. WALAHAVIDDAWEWA WIJESIRI THERO","REV.W.WIJESIRI THERO","732221476 V",6000.00,,"PEO","KEBITHIGOLLEWA","150200120017713","CONFIRMED",,
"KOBEIGANE","NA-KUG-8074","SANUKA","THITHTHAGALLA GAMAGE MONIKA CHANDANI SAMARANAYAKA","T.G.M.C.SAMARANAYAKA","767122985V",6000.00,,"SEY","KULIYAPITIYA","0440-01850895-101","CONFIRMED",,
"LENADORA ","NAMTL-8082 ","DINESH","HERATH MUDIYANSELAGE SAMARASINHE","H.M.SAMARASINGHE","511010098V",6000.00,,"BOC","DAMBULLA","2684338","CONFIRMED",,
"MADAHAPOLA ","NA-KUG-8086","DINESH","ATHAPATHTHU MUDIYANSELAGE PUNCHIBANDA","A.M.PUNCHIBANDA","451364629V",4000.00,,"BOC","KURUNEGALA","751228","CONFIRMED","DEDUCTED 2000 UNTIL FURTHER NOTICE",
"MADURANKULIYA","NA-PTM-8016","SANJAYA","RANDENI DISSANAYAKAGE ALBIN","R D ALBIN","RECEIVED A GRAMASEWAKA RECOMMENDATION ONLY",6000.00,,"BOC","MADURANKULIYA","5130841","CONFIRMED",,
"MADAMPE","NA-PTM-8017","SANUKA","URALIYE VIMALAWANSA HIMI","U.VIMALAWANSA","650843002V",6000.00,,"PEO","MADAMPE","215-2-001-5-0013890 ","CONFIRMED",,
"MAHAILUPPALLAMA","NA-ANP-8127","KEERTHI","GIMHANA UDENI CHANATHILAKA","G.U CHANATHILAKA","721012565V",6000.00,,"PEO","EPPAWALA","170100140000292","CONFIRMED",,
"MAHARACHCHIMULLA ","NAKUG-8122","RUWINGA","PUNCHI MUDIYANSELAGE UPALI RATHNAYAKA","P.M.U. RATHNAYAKE","603570839V",6000.00,,"PEO","ALAWWA","149200146105479","CONFIRMED",,
"MALLAWAPITIYA ","NA-KUG-8090","SUJEEWA","ABDUL RAHUMAN SAMZU ANWAR","A R S ANWAR","680701121 V",6000.00,,"BOC","BAZAR STREET","838057","CONFIRMED",,
"MANAMPITIYA","NA-PLN-8060","ABEYNAYAKA","ABEYGODA LIYANAGE CHARITHA SAMEERA LIYANAGE","A.L.CHARITHA SAMEERA LIYANAGE","870631731V",6000.00,,"SEY","POLONNARUWA","0531-30308780-101","CONFIRMED",,
"MARADANKADAWALA","NA-ANP-8031","KEERTHI","SOORIYAPPERUMA ARACHCHILAGE DHARMADASA","S A DHARMADASA","612864870 V",6000.00,,"PEO","MARADANKADAWALA","42200187470921","CONFIRMED",,
"MASPOTHA","NAKUG-8071","RUWINGA","RUPASINGHE ARACHCHILAGE SUNIL PERERA","R.A.S. PERERA","623500342V",6000.00,,"PEO","KURUNEGALA","12100100418212","CONFIRMED",,
"MAWATHAGAMA","NA-KUG-8051","SUJEEWA","AKURANAGE INDIKA DHARMASENA","A I DHARMASENA","771231322 V",6000.00,,"PEO","MAWATHAGAMA","199200107653091","CONFIRMED",,
"MIHINTALE","NA-ANP-8100","AMILA K","AGAMPODI DURAGE CHINTHAKA SANDARUWAN","A.D.C. SANDARUWAN","841023722 V",6000.00,,"HNB","ANURADHAPURA NEW TOWN","010020262311","CONFIRMED",,
"MINNERIYA","NA-PLN-8125","ABEYNAYAKA","R.L.THUSHAN MANGALA RANATHUNGA","R.L.T. M. RANATHUNGA",,6000.00,,"PEO","HINGURAKGODA","006-207-082649-6","CONFIRMED",,
"NALANDA","NAMTL-8106 ","DINESH","WADUGE CHAMARA MADUSANKA","W.C.MADUSANKA","910341073V",6000.00,,"PEO","NAULA","146-2-001-0-0020908","CONFIRMED",,
"NARAMMALA","NAKUG-8011","RUWINGA","MALLAWA ARACHCHI SUNIL PREMASINGHE","M.A.S. PREMASINGHE","700074536V",6000.00,,"PEO","NARAMMALA","82200160043504","CONFIRMED",,
"NATTANDIYA","NA-PTM-8076","SANUKA","WALIMUNI WIJESIRI MAHINDA MENDIS ABEYSEKARA","W.W.M.M.ABEYSEKARA","460971993V",6000.00,,"PEO","NATTANDIYA","083-1-001-7-6958518","CONFIRMED",,
"NAULA ","NAMTL-8091","DINESH","RATHNAYEKE MUDIYANSELAGE GEDARA KULATHUNGA BANDA","R.W.K.BANDA","562463658V",6000.00,,"PEO","NAULA","146200180033191","CONFIRMED",,
"NOCHCHIYAGAMA","NA-ANP-8021","KEERTHI","MALALAHITI BANDARALAGE THARIDU MIHIRANGA BANDARA","M.B.T.M.BANDARA","862472616V",6000.00,,"PEO","NOCHCHIYAGAMA","171200130056589","CONFIRMED",,
"NOROCHCHOLE","NA-PTM-8045","WARUNA","M.Y MOHAMMADU ISSADEEN","M Y M ISSADEEN","472380273V",,6000.00,"BOC","NOROCHCHOLE","8362781","PAYMENT HOLD UNTIL FURTHER NOTICE",,
"PADENIYA ","NAKUG-8137","RUWINGA","RAJAPAKSHA MUDIYANSELAGE SAMEERA SANDARUWAN RAJAPAKSHA","R.M.S.S. RAJAPAKSHA","912693945V",6000.00,,"SAM","WARIYAPOLA","104453158244","CONFIRMED",,
"PALLAMA","NA-PTM-8108","WARUNA","W.W.M.J PUSHPAKUMARA","W.W.M.J PUSHPAKUMARA","933423166V",6000.00,,"BOC","PALLAMA","74151055","CONFIRMED",,
"POLPITHIGAMA ","NA-KUG-8078","SUJEEWA","ATHAPATTU MUDIYANSELAGE PODIAPPUHAMY","A M PODIAPPUHAMY","490610928 V",6000.00,,"BOC","MAHO","7449516","CONFIRMED",,
"RAJANGANAYA","NA-ANP-8114","KEERTHI","GAMMALA MANANAGE LAYANAL PEMASIRI","G.M.L.PEMASIRI","633561060V",6000.00,,"PEO","THAMBUTHTHEGAMA","219200177420039","CONFIRMED",,
"RAMBAWEWA","NA-ANP-8033","AMILA K","REV. RATHNASIRI","REV. RATHNASIRI","763640671 V",6000.00,,"PEO","RAMBAWEWA","008200160023403","CONFIRMED",,
"RAMBODAGALLA","NA-KUG-8136","SUJEEWA","HABARANA DEWAGE SENADHEERA NANDASIRI","H D S NANDASIRI","793054807 V",6000.00,,"PEO","RIDEEGAMA","193-2001-20061220","CONFIRMED",,
"RATHMALGAHAWEWA ","NA-ANP-8154","AMILA K","SAMARASINGHE KANKANAMAGE DHARMADASA","S.K. DHARMADASA","621074148V",6000.00,,"RDB","KAHATAGASDIGILIYA","10061386","CONFIRMED",,
"RATTOTA","NAMTL-8162 ","RANDENIYA","MAHADURAGEDARA ANURA GUNARATHNE","M.G.A.GUNARATHNE","783362350V",6000.00,,"PEO","RATTOTA","128200190009865","CONFIRMED",,
"SALIYAWEWA","NA-PTM-8065","KEERTHI","MUNI PURAGE KASUN NUWAN SAMEERA","M P K NUWAN SAMEERA","851910905 V",6000.00,,"PEO","SALIYAWEWA","171200180079908","CONFIRMED",,
"SANDALANKAWA","WA-KUG-0106","BRIAN","JAYAWEERAGE DHAMMIKA NISHANTHA JAYAWEERA","J.D.N JAYAWEERA","750593143V",9000.00,,"COM","WENNAPPUWA","1261106601","CONFIRMED","6000 INCREASED ONLY FOR SEP",
"SIRIPURA ","NA-AMP-8143","ROSHAN PRADEEPA","SINHALAGE AJITH NUWAN SAMARAWICKRAMA BANDARA","SANS BANDARA","830414738V",6000.00,,"SEY","DEHIATTAKANDIYA","0290-01748763-001","CONFIRMED",,
"SRIPURA","NA-VNU-8261","ABEYNAYAKA","KAPURUHAMIGE RATHNAYAKA","K. RATHNAYAKA","672020786V",6000.00,,"BOC","PADAVI PARAKKRAMAPURA","127-6640908","CONFIRMED",,
"SUNGAWILA","NA-PLN-8139","ABEYNAYAKA","YUSUF FAROOK","Y.FAROOK","770714079V",6000.00,,"HNB","KADURUWELA","44020065577","CONFIRMED",,
"THAMBALAGAMUWA ","NA-TCM-8160","ABEYNAYAKA","ALIYAR LABBY MOHAMADU PARIS","A L M PARIS","792783945V",6000.00,,"BOC","THAMBALAGAMUWA","70910669","CONFIRMED",,
"YAKALLA","NA-ANP-8117","KEERTHI","MALGAHA GAMAGE DARMAPALA","M.G. DARMAPALA","403230022V",6000.00,,"PEO","GALENBINDUNUWEWA","177-2-001-8-0036478","CONFIRMED",,
"THANTHIRIMALE","NA-ANP-8163","AMILA K","JEMISGE SARATH KUMARA","J S KUMARA","792695434 V",6000.00,,"PEO","ANU'PURA NUWARA WEWA","220-2-001-0-0069254","CONFIRMED",,
"UDUBEDDAWA","NA-KUG-8073","SANUKA","EDIRISINGHE MUDIYANSELAGE THUSHARA PRIYADARSHANA EDIRISINGHE","E.M.T.P.EDIRISINGHE","890061516V",6000.00,,"NSB","KULIYAPITIYA","1-0008-80-4148-2","CONFIRMED",,
"VAVUNIYAWA ","NA-VUN-8140","AMILA K","HAKMANA KANKANAMGE PRIYANTHA ASHOKA","H.K.P ASOKA","721832155V",,6000.00,"HNB"," THAMMANNAGAHAWELA"," '032020490362","PAYMENT HOLD UNTIL FURTHER NOTICE","NO BRANCH AS THAMMENNAGAHAWELA",
"WAHAKOTTE","NAMTL-8077","DINESH","MIRIHANAGE AKUVINAS TERANCE PERERA","M.A.T.PERERA","630651336V",6000.00,,"HNB","GALEWELA","149020002275","CONFIRMED",,
"WANATHAVILLUWA ","NA-PTM-8057","WARUNA","J.A.D.S PREMARATHNA","J.A.D.S PREMARATHNA","781643386 V",6000.00,,"PEO","PUTTLAM","9200164498232","CONFIRMED",,
"WASGAMUWA","NAMTL-8068","SAMEERA","MEEGAMUPATTIYA GEDARA ","M.G.SUGATHAPALA","592033771V",6000.00,,"BOC","NAULA","71197898","CONFIRMED",,
"WELIKANDA ","NA-PLN-8149","ABEYNAYAKA","WEERASINGHE ARACHCHIGE SARATH WEERASINGHE","W.A.SARATH WEERASINGHE","570705520V",6000.00,,"COM","KADURUWELA","8880008115","CONFIRMED",,
"WELIPENNAGAHAMULLA","NA-KUG-8118","SANUKA","PREMALATHA GURUNNANSELAGE DONE PREMALATHA","P.G.DONE PREMALATHA","536511393V",6000.00,,"PEO","WELIPENNAGAHAMULLA","083-2-001-7-0011267","CONFIRMED",,
"WELLAWA ","NAKUG-8072","SUJEEWA","KANDUHARALALAGE LILANTHA MANOJ CHANDANA OLAGAMA","K. L.M.C. OLAGAMA","802982232V",6000.00,,"BOC","WELLAWA","71168857","CONFIRMED",,
"WEUDA","NA-KUG-8098","SUJEEWA","WAYIDYARATHNE HERATH MUDIYANSELAGE PUNCHIBANDARA BALAHARUWA","W H M P BALAHARUWA","492633208 V",6000.00,,"PEO","MAWATHAGAMA","199200137640479","CONFIRMED",,
"HAPOLA","NA-KUG-8132","SANUKA","HORATHAL PEDI DURAYALAGE JANAKA RUWAN WIKRAMARATHNA","H.P.D.J.R WIKRAMARATHNA","840832309V",6000.00,,"SAM","KULIYAPITIYA","102353591529","CONFIRMED",,
"YAKWILA","NA-KUG-8109","SANUKA","RATHNAYAKA MUDIYANSELAGE SUMEDA RATHNAYAKA","R.M.S.RATHNAYAKA","640801727V",6000.00,,"COM","KULIYAPITIYA","8510008905","CONFIRMED",,
"YATAWATTA ","NA-MTL-8066","DINESH","HEWAWARATITAGE AJITH WASANTHA GUNAWARDENA","H A W GUNAWARDENA","753590382 V",6000.00,,"PEO","YATAWATTE","241200120016196","CONFIRMED",,
"ALAWATHUGODA","NA-KDY-8084","RANDENIYA","SEWANU KARUPAYYA","S.KARUPAIAH","570654330V",5000.00,,"PEO","AKURANA","153-2-001-0-0008119","CONFIRMED",,
"ARANAYAKA","CA-KGL-6025","CHANDIMA","WICRAMASINGHE MUDIYANSELAGE HERATH BANDA","W.M.HERATH BANDA","570420836V",6000.00,,"PEO","ARANAYAKA/MAWANELLA","248200100011144","CONFIRMED",,
"BULATHKOHUPITIYA","WP-KGL-2084","CHANDIMA","HEWA PEDIGE SAMEERA PRABATH HEWAGE","H.P.SAMEERA PRABATH HEWAGE","902521887V",6000.00,,"PEO","BULATHKOHUPITIYA","252200110024717","CONFIRMED",,
"MASKELIYA","CA-NEL-6039","DIMUTHU","VISVANATHAN","VISVANATHAN","841171764V",6000.00,,"BOC","COL 01","73274376","CONFIRMED",,
"HATHARALIYADDA","CA-KDY-6078","PRAGEETH","PELIKUBURA GEDARA ARIYADASA","PG ARIYADASA","521420596V",6000.00,,"PEO","POTHTHAPITIYA","256 2 001 0 0004082","CONFIRMED",,
"HEMMATHAGAMA","CA-KGL-6046","CHANDIMA","MOHOMED ISMAIL MOHOMED BASEER","M.I.M.BASEER","550473259V",6000.00,,"BOC","HEMMATHAGAMA","5772975","CONFIRMED",,
"HEWAHETA","CA-NEL-6110","PRAGEETH","ARUMUGAM SUBRAMANIYAM","A SUBRAMANIYAM","653164530X",6000.00,,"PEO","RIKILLAGASKADA","022 2 001 6 0009610","CONFIRMED",,
"HINGULA_MOBITEL","CA-KGL-6088","CHANDIMA","EPITAWATHTHE GEDARA KARUNASEKARA","E.G.KARUNASEKARA","670404323V",6000.00,,"COM","MAWANELLA","8790007139","CONFIRMED",,
"MABERIYATHENNA","CA-KDY-6065","PRAGEETH","MEDA ALAWATHUKOTUWE GETHARA WIJEERATHNA","M.A.G.WIJERATHNA","551901203V",6000.00,,"PEO","THELDENIYA","112-2-001-1-0009566","CONFIRMED",,
"MADAWALA ","CA-KDL-6047","PRAGEETH","EKANAYAKA MUDIYANSELAGE KUDABANDA EKANAYAKA","EMK EKANAYAKA","430201026V",6000.00,,"BOC","MADAWALA","4906092","CONFIRMED",,
"MADUGODA","CA-KDY-6093","ROSHAN PRADEEPA","MILLAGAHA GEDARA JAYANTHA CHANDRASEKARA","M.G.JAYANTHA CHANDRSEKARA","731394202V",6000.00,,"BOC","UDUDHUMBARA","6556464","CONFIRMED",,
"MAHAKEHELWALA","CA-KGL-6045","CHANDIMA","THALAGAHA RALALAGE NAWARATHNA BANDA","T.R.NAWARATHNA BANDA","650720652V",6000.00,,"PEO","MAWANELLA","69200145200606","CONFIRMED",,
"MOLAGODA","CA-KGL-6041","CHANDIMA","BORALUWE GEDARA SARATH JAYAWEERA","B.G.SARATH JAYAWEERA","601222175V",6000.00,,"PEO","KEGALLE","27200191446470","CONFIRMED",,
"PALLEKELE ","CA-KDY-6053","PRAGEETH","RANHOTHI GETHARA CHANNASOORIYA","R G CHANNASOOORIYA","632461020V",6000.00,,"PEO","MENIKHINNA","157-2-001-5-0039890","CONFIRMED",,
"PUSSELLAWA","CA-KDY-6089","DIMUTHU","WELIGAMA GEDARA ANURA CHANDRAKUMARA","W G A CHANDRAKUMARA","801372848V",6000.00,,"COM","GAMPOLA","8890000957","CONFIRMED",,
"RIKILLAGASKADE ","CA-NEL-6084","SANJAYA","VODUGE WECKRAMASINHGE","V WECKRAMASINHGE","670090558V",6000.00,,"PEO","RIKILLAGASKADA","022 2 001 3 5311491","CONFIRMED",,
"THALATUOYA ","CA-KDY-6079","PRAGEETH","PIHILLA GAHAGEDARA JEYAWECKRAMA","PG JAYAWECKRAMA","531370490V",6000.00,,"BOC","THALATHUOYA","4074499","CONFIRMED",,
"WATAWALA","CA-NEL-6100","DIMUTHU","RENGASAMI SELVARAJ ","RENGASAMI SELVARAJ ","610105119V",5000.00,,"PEO","GINIGATHHENA","302-2-001-0-000-4753","CONFIRMED","UNTILL FURTHER NOTICE",
"HENDESSA","CA-KDY-6137","DIMUTHU","PILIGALLEGEDARA DULANJA KUMARATHUNGA","P D KUMARATHUNGA","890250254 V",5000.00,,"PEO","DAULAGALA","206200160029297","CONFIRMED",,
"ULAPANE","CA-KDY-6066","DIMUTHU","EKANAYAKA MUDIYANSELAGE ANURA BANDARA","E M A BANDARA","662602671V",6000.00,,"COM","GAMPOLA","8102020035","CONFIRMED",,
"AMBALANTOTA","SA-HMB-4016","KUMARASIRI","PALLIYAGE DON BANDU SANJEEWA","P D B SANJEEWA","821330599 V",6000.00,,"PEO","AMBALANTHOTA","072-2-001-8-0017166","CONFIRMED",,
"ANGUNAKOLAPELESSA","SA-HMB-4026","KUMARASIRI","PREMADASA MUNASINGHE","P MUNASINGHE","483550650 V",6000.00,,"BOC","ANGUNAKOLAPELESSA","71282072","CONFIRMED",,
"BARAWAKUMBUKA","SA-HMB-4051","KUMARASIRI","WALGAMA KODITHUWAKKUGE ANURA","W K ANURA","680782806 V",6000.00,,"BOC","BARAWAKUMBUKA","71271180","CONFIRMED",,
"DEHIOVITA","WB-KGL-2073","ASANKA","GAMLATH APPUHAMILAGE CHAMILA LAKMAL","G.A.C. LAKMAL","881760479V",6000.00,,"BOC","DEHIOWITA","2241828","CONFIRMED",,
"DERANIYAGALA","WB-KGL-2044","ASANKA","UDAHENKANDA LEKAMALAGE SUMATHIPALA","U.L.SUMATHIPALA","533253806V",6000.00,,"BOC","DERANIYAGALA","1901859","CONFIRMED",,
"DODAMPE ","SA-RTP-4047","WIJAYATHILAKA","P.A.D.S. SAMARAWICKRAMA","P A D S SAMARAWICKRAMA","661242981 V",6000.00,,"BOC","RATHNAPURA - SUPER GRADE","3993554","CONFIRMED",,
"EHELIYAGODA","WB-RTP-2027","WIJAYATHILAKA","NIHAL BANDARA","N BANDARA","RECEIVED A GRAMASEWAKA RECOMMENDATION ONLY",6000.00,,"PEO","EHELIYAGODA","085200110055055","CONFIRMED",,
"KATARAGAMA TOWN","SA-MRG-4214","KUMARASIRI","HENPITA GAMAGE DAYANANDA","H G DAYANANDA","533573568 V",6000.00,,"BOC","KATHARAGAMA","5206928","CONFIRMED",,
"GETAHETTA","WB-RTP-2104","ASANKA","ARACHCHI VIDANALAGE VIJITHA KUMARA","A.V.V. KUMARA","792953204V",6000.00,,"PEO","AWISSAWELLA","029200150013242","CONFIRMED",,
"GODAKAWELA","SA-RTP-4092","NADEERA","WITHANGE SUSANTHA DARMASIRI","W A DARMSIRI","680105910V",6000.00,,"BOC","GODAKAWELLA","72919348","CONFIRMED",,
"HAMBANTOTA TOWN","SA-HMB-4006","KUMARASIRI","KARUNAWATHIE KANDAMBI RANASINGHE","K K RANASINGHE","477371914 V",6000.00,,"COM","HAMBANTHOTA","8166002334","CONFIRMED",,
"RAKWANA","SA-RTP-4087","NADEERA","ALAHAKON MUDIYANSELAGE PUSHPANANDA SENAVIRATHNA","A M P SENAVIRATHNA","560053924V",6000.00,,"PEO","RAKWANA","129200130023680","CONFIRMED",,
"KALAWANA","SA-RTP-4065","NADEERA","MEGAHAWATTA VITHARANALAGE KUMUDU KUMARA","M V KUMUDU KUMARA","872060456V",6000.00,,"SAM","KALAWANA","104153030411","CONFIRMED",,
"KALUAGGALA","WB-CMB-2048","ASANKA","EGALA WIDANALAGE DON KARUNATHILAKA","E.W.D.KARUNATHILAKA","511871239V",4000.00,,"BOC","HANWELLA","7026371","CONFIRMED",,
"KARAWANELLA","WB-KGL-2052","ASANKA","GUNASINGHA MARASINGHE","G.MARASINGHE","611803281V",4000.00,,"PEO","BULATHKOHUPITIYA","252200120008707","CONFIRMED",,
"KITHULGALA","WB-KGL-2059","ASANKA","YADDALA GAMARALAGE","Y.G.DEEPAL","800093996V",6000.00,,"PEO","KITHULGALA","047200100007092","CONFIRMED",,
"LABUGAMA","WB-RTP-2113","THANUKA","LABUGAMKANDE KATTADIGE KAROLIS","L.K.KAROLIS","462900970V",4000.00,,"COM","HANWELLA","8143008942","CONFIRMED",,
"LUNUGAMWEHERA","SA-HMB-4070","KUMARASIRI","VITHARANAGE RATHNAPALA","V RATHNAPALA","610562132V",6000.00,,"PEO","THISSAMAHARAMAYA","061-2-001-7-0019252","CONFIRMED",,
"NIVITHIGALA","SA-RTP-4096","NADEERA","SIVALINGAM SIVAYOGARAJ","S SIVAYOGARAJ","860042703V",6000.00,,"       ","RATNAPURA","8490013314","CONFIRMED",,
"PALLEBEDDA","SA-RTP-4062","NADEERA","PANANI KANKANI NEDILAGE PREMARATHNA","P K N PREMARATHNA","802705271V",6000.00,,"PEO","PALLEBADDA","245 2 001 3 00 38898","CONFIRMED",,
"PARAKADUWA","WB-RTP-2080","WIJAYATHILAKA","LIYANA  ARACHCHILAGE SOMAPALA","L A SOMAPALA","393652667 V",6000.00,,"BOC","EHELIYAGODA","9546521","CONFIRMED",,
"PELWADIYA","SA-RTP-4209","NADEERA","KADUGAM MULLALAGE SOMARATHNA","K M SOMARATHNA","562953060V",4000.00,,"PEO","RATNAPURA","317 2 00160019 263","CONFIRMED",,
"EARTHNA","WB-KGL-2122","WIJAYATHILAKA","EARTHNA KANKANAMGE ASOKE PATHMA KUMARA EARTHNA","E.K.A.P.K.EARTHNA","783033704V",5000.00,,"PEO","KURUWITA","263-2-001-9-0030077","CONFIRMED",,
"PUSSELLA ","WB-RTP-2109","WIJAYATHILAKA","UDAGAMKANDE PATHIRANANAHAGE SOMANANDA","U P SOMANANDA","610042945 V",0.00,6000.00,"SAM","EHELIYAGODA","102053798628","PAYMENT HOLD UNTIL FURTHER NOTICE","PAYMENT HOLD UNTIL FURTHER NOTICE",
"THANAMALWILA","SA-MRG-4049","KUMARASIRI","ALUTH PATABENDIGE NISHAN CHAMINDA","A P N CHAMINDA","751732775 V",6000.00,,"BOC","THANAMALWILA","5938600","CONFIRMED",,
"THIMBOLKETIYA","SA-RTP-4064","KUMARASIRI","RAJAPAKSHA KARUNANAYAKA MUDIYANSELAGE DILAN INDIKA KULATHUNGA","R K M D I KULATHUNGA","801461638 V",6000.00,,"PEO","UDAWALAWA","295200190024505","CONFIRMED",,
"THUNKAMA","SA-RTP-4052","KUMARASIRI","HETTIARACHCHIGE KASUN DULANJANA","H.A.KASUN DULANJANA","941624324V",6000.00,,"PEO","EMBILIPITIYA","045-2-001-5-0043625","CONFIRMED",,
"TISSA","SA-HMB-4050","KUMARASIRI","YAKALLA KANKANAMGE TILAK HARISCHANDRA","Y K T HARISCHANDRA","600181629 V",6000.00,,"BOC","TISSAMAHARAMA","7056870","CONFIRMED",,
"UDAWALAWA","SA-RTP-4095","KUMARASIRI","WANASAPU RANJITH DE SILVA","W R D SILVA","691960650 V",6000.00,,"BOC","UDAWALAWA","9859297","CONFIRMED",,
"YATIYANTHOTA","WB-KGL-2047","ASANKA","WIJESEKARA RANJANA SUBASINGHE","W.R.SUBASINGHE","533201890V",6000.00,,"PEO","YATIYANTHOTA","047-2-001-5-0009791","CONFIRMED",,
"AKMEEMANA","SA-GLE-4075","CHATHURANGA","JAYASRI DHAMMIKA GAMAGE","J. D. GAMAGE","672822726V",6000.00,,"PEO","GALLE MAIN STEET","169200153374085","CONFIRMED",,
"BADDEGAMA","SA-GLE-4078","CHATHURANGA","WEDAWASAM JALATHGE WILBAT","W. J. WILBAT","611914172V",6000.00,,"COM","BADDEGAMA","8980013543","CONFIRMED",,
"BALAPITIYA","SA-GLE-4090","CHATHURANGA","THALAHEWA PATHMASIRI","T. PATHMASIRI","562843680V",6000.00,,"PEO","AMBALANGODA","0-35200156328251","CONFIRMED",,
"BOOSSA","SA-GLE-4036","CHATHURANGA","NIMAL ABESEKARA","N S ABEYSEKERA","671440803V",6000.00,,"PEO","GINTHOTA","013-2001-2-7068157","CONFIRMED",,
"DEIYANDARA","SA-MTR-4205","LASANTHA","MANIKKUGE PEMAGNYANA","M.PEMAGNYANA","650382242V",6000.00,,"BOC","DEIYANDARA","7158467","CONFIRMED",,
"WEWAHAMANDUWA","SA-MTR-4169","LASANTHA","R.P.K.S.GUNARATHNA","R.P.K.S.GUNARATHNA","807123343V",,6000.00,"BOC","DENIYAYA(BRANCH CODE-132)","8328109","PAYMENT HOLD UNTIL DECEMBER","PAYMENT HOLD UNTIL DECEMBER",
"DENIYAYA","SA-MTR-4010","ERANGA","WEJESIRI GUNAWARDENA JEEWAN KUMARA","W.G.J. KUMARA","850351880V",6000.00,,"COM","DENIYAYA","8111002968","CONFIRMED",,
"DEVUNDERA","SA-MTR-4164","LASANTHA","RAIGAM KORALALAGE GAYAN RUWAN KUMARA","R K G R KUMARA","871952990 V",6000.00,,"BOC","DEVINUWARA","6735808","CONFIRMED",,
"DICKWELLA","SA-MTR-4014","LASANTHA","CIYRIL WIKKRAMASINGHA","C.WICKKRAMASINGHA","601492300V",6000.00,,"PEO","DIKWELLA","135200106159472","CONFIRMED",,
"ETHKANDURA","SA-GLE-4079","CHATHURANGA","ANURA RANASINGHE","ANURA RANASINGHE","623274551V",6000.00,,"BOC","ELPITIYA","4039064","CONFIRMED",,
"GANDARA_HATCH","SA -MTR-4089","LASANTHA","LOKUGAM HEWAGE ANANDA KUMARASIRI","L.G.H.A.KUMARASIRI","591452690V",6000.00,,"PEO","GANDARA","307200120019435","CONFIRMED",,
"ITTAPANA","WB-KLT-2108","RUWAN LAKMAL","T.V.KAMAL PRASANNAA","T.V.K.PRASANNA","740342380V",6000.00,,"COM","ALUTHGAMA","8400012117","CONFIRMED",,
"JULAMPITIYA","SA-HMB-4057","KUMARASIRI","KODITHUWAKKU ARACHCHIGE ARIYADASA","K A ARIYADASA","640343354 V",6000.00,,"BOC","MIDDENIYA","4534236","CONFIRMED",,
"KALAWILA (*)","WB-KLT-2069","RUWAN LAKMAL","A.H.U.GUNAWARDENA","A.H.U.GUNAWARDENA","653151985V",6000.00,,"BOC","ALUTHGAMA","2787341","CONFIRMED",,
"KAMBURUPITIYA","SA-MTR-4013","LASANTHA","MATHTHEGAMAGE MANGALASENA","W.G.MANGALA","771412157V",6000.00,,"COM","KAMBURUPITIYA","8930002385 (V.DILEKA MADUBASHINI)","CONFIRMED",,
"KANANKE","SA-MTR-4073","ERANGA","WEERAGODA ARACHCHIGE MALANI","W.A. MALANI","688341752V",6000.00,,"COM","AKURESSA","8350016041","CONFIRMED",,
"KARIYAMADITTA","SA-HMB-4097","KUMARASIRI","ABEYNAYAKA JAYAWARDENA AJITH AJANTHA","A J A AJANTHA","850422850 V",6000.00,,"BOC","MIDDENIYA","74187533","CONFIRMED",,
"KIRINDA","SA-MTR-4044","LASANTHA","WADANAMBI PIYATHISSA.","W.PIYATHISSA.","532841259V",6000.00,,"PEO","KIRINDA","130200150029934","CONFIRMED",,
"KOTAPOLA","SA-MTR-4094","ERANGA","AKMEEMANA LIYANAGE HARSHA MADUSHANKA","A.L. HARSHA MADUSHANKA","880913220V",,6000.00,"SAM","MORAWAKA","101553473987","PAYMENT HOLD UNTIL DECEMBER",,
"MAKANDURA KAMBURUPITIYA","SA-MTR-4098","LASANTHA","KODITHUWAKKU ARACHCHIGE AMARAPALA","K A AMARAPALA","610274374 V",6000.00,,"BOC","MAKANDURA","4509910","CONFIRMED",,
"MAPOLAGAMA","SA-GLE-4088","ERANGA","HAPPITIYA KARIYAKARANAGE NIHAL PIYATISSA","H.K.N. PIYATISSA","612863148V",6000.00,,"COM","UDUGAMA","8129003968","CONFIRMED",,
"MATHUGAMA","WB-KLT-2028","RUWAN LAKMAL","MAHALIYANAGE DARMASIRI","M.DARMASIRI","491900512V",6000.00,,"SEY","MATHUGAMA","0660-06604680-101","CONFIRMED",,
"MAWARALA","SA-MTR-4081","LASANTHA","HEWA DOLEGE PREMAWANSHA","H.D. PREMAWANSHA","733234644V",6000.00,,"COM","KAMBURUPITIYA","8104010249","CONFIRMED",,
"MEETIYAGODA","SA-GLE-4048","CHATHURANGA","PARAKRAMA DIAS DISSANAYAKA","P.D DISSANAYAKA","492600717V",12000.00,,"PEO","BATAPOLA","234-2001-9001-9983","CONFIRMED","AUGUST PAYMENT HAS BEEN RETURNED BY THE BANK. ONLY FOR SEP PAYMENT",
"MORAGALA","WB-KLT-2063","RUWAN LAKMAL","VEN.DODANGOLLE UTHTHTARAWANSA THERO","VEN.D.UTHTHTARAWANSA","781674354V",6000.00,,"NSB","MATHUGAMA","100450408042","CONFIRMED",,
"MULATIYANA","SA-MTR-4085","ERANGA","UPUL NISHSHANKA JAYAWEERA","U.N. JAYAWEERA","800915244V",6000.00,,"SAM","MATARA","101053732890","CONFIRMED",,
"MULGIRIGALA","SA-HMB-4059","KUMARASIRI","MAANAGE RATHNASENA","M RATHNASENA","493650270 V",6000.00,,"BOC","WEERAKETIYA","4805086","CONFIRMED",,
"NAKULUGAMUWA","SA-HMB-4072","LASANTHA","GUNASEKARA ARACHCHIGE NISHANTHA DE SILVA","G.A.N.DE SILVA","762993465V",6000.00,,"PEO","TANGALLE","067200195549695","CONFIRMED",,
"NELUWA","SA-GLE-4066","ERANGA","GODAPITA GAMAGE MAHESH NANDANA KUMARA","G.G. MAHESH NANDANA KUMARA","783281368V",6000.00,,"SAM","NELUWA","105450023163","CONFIRMED",,
"NELUWA_TOWN (TIRUNEVELI )","SA-GLE-4129","ERANGA","DASIRI LIYANAGE PADMASIRI WIJENAYAKA","D.L.P. WJENAYAKA","690924358V",6000.00,,"COM","NELUWA","8125002813","CONFIRMED",,
"PITIGALA","SA - GLE - 4031","CHATHURANGA","RANEPURA HEWAGE KELUM KUMARASIRI","R H K KUMARASIRI","810923121 V",6000.00,,"BOC","PITIGALA","9715573","CONFIRMED",,
"RANNA","SA-HMB-4039","LASANTHA","W A R MANEL","W A R MANEL","523305816V",6000.00,,"BOC","TANGALLE","3401144 ","CONFIRMED",,
"SULTHANAGODA","SA-MTR-4034","LASANTHA","PRIYANKARAGE DAYANIS JAYAWEERA","P.D.JAYAWEERA","342630219V",6000.00,,"BOC","MATARA","7161003","CONFIRMED",,
"THIHAGODA","SA-MTR-4038","LASANTHA","A.L.A.W.LIYANAGE","A.L.A.W.LIYANAGE","703370624V",6000.00,,"SAM","MATARA","101053484048","CONFIRMED",,
"WALASMULLA_DIALOG","SA-HMB-4053","LASANTHA","VIDANAGAMAGE CHAMINDA","V.G.CHAMINDA","771392970V",6000.00,,"PEO","WALASMULLA","120200158093852","CONFIRMED",,
"WANDURAMBA","SA-GLE-4083","ERANGA","MUTHTHULINGAMA RANJAN","M. RANJAN","851142843V",6000.00,,"SAM","GALLE","103553472463","CONFIRMED",,
"WEERAKETIYA","SA-HMB-4043","CHANDANA UA","WEERAKOON GAMAACHCHIGE SIRISENA","W G SIRISENA","511901014 V",6000.00,,"BOC","WEERAKETIYA","9004418","CONFIRMED",,
"WELIPANNA","WB-KLT-2064","RUWAN LAKMAL","SAMPATH RODRIGO","S.RORDRIGO","880731785V",6000.00,,"PEO","ALUTHGAMA","070200150006962","CONFIRMED",,
"YATIYANA","SA-MTR-4040","LASANTHA","NALAKA KAPILAJITH UYANGODA","N.K.UYANGODA","681160531V",6000.00,,"SAM","MATARA","101050021808","CONFIRMED",,
"BADALKUMBURA","CA-MRG-6092","AMILA","ELLAWALA PATHIRANHELAGE DARMASENA","E.P.DHARMASENA","573362616V",6000.00,,"BOC","BADALKUMBURA","8208825","CONFIRMED",,
"BELIGALLE","CA-BDL-6073","AMILA","LAMA HEWAGE JAYATHISSA","L.H.JAYATHISSA","560513224V",6000.00,,"PEO","MAHIYANGANA","58200176498446","CONFIRMED",,
"BERAGALA","CA-BDL-6083","SAMEERA","KOTHMALE GAJANAYAKE MUDIYANSELAGE INDIKA JAYAWARDANA BANDARA","KGMIJ BANDARA","701311493V",6000.00,,"PEO","HAPUTALE","216-2-001-3-8540058","CONFIRMED",,
"BORALANDA","CA-MRG-6068","THILANKA","JOSEP UKREST STEVEN JOSEP","J.U.S. JOSEP","760643831V",6000.00,,"SAM","WELIMADA","108153274955","CONFIRMED",,
"BUTTALA","CA-MRG-6028","AMILA","KODITHUWAKKU MUHANDIRAMLAGE PREMASIRI","K.M.PREMASIRI","612631654V",6000.00,,"HNB","BUTTALA","075020017524","CONFIRMED",,
"DAMBAGALLE","CA-MRG-6074","AMILA","WANNISINGHE MUDIYANSELAGE SOMARATHNA","W.M.SOMARATHNA","751121628 V",6000.00,,"PEO","MONARAGALA","68200120013744","CONFIRMED",,
"HASALAKA","CA-BDL-6085","SAMEERA","DISSANAYAKE MUDIYANSELAGE SUNETH ASANKA JAYAWARDANA ","DMSA JAYAWARDANA","822923585V",6000.00,,"PEO","MAHIYANGANA","058-2-00135798056","CONFIRMED",,
"HAPUTALE","CA-BDL-6021","SAMEERA","ABDUL JAWAHID MOHAMMAD SHAKEEL MARIKKAR","AJMS MARIKKAR","731122318X",6000.00,,"PEO","HAPUTALE","216-2-001-7-5641497","CONFIRMED",,
"KALUPAHANA","SA-BDL-4074","SAMEERA","SENEVIRATHNA MUDIYANSELAGE SIRISENA","SM SIRISENA","392130721V",6000.00,,"BOC","HALDUMMULLA","6814006","CONFIRMED",,
"KANDAKETIYA (*)","CA-BDL-6077","SAMEERA","NAWARATHNA MUDIYANSELAGE SALIYA BANDARA NAWARATHNA","NMSB NAWARATHNA","860770113V",6000.00,,"COM","BADULLA","8520008765","CONFIRMED",,
"KANDEGEDARA","CA-BDL-6040","SAMEERA","SHAHUL HAMEED MOHAMED FAROOK","SHM FAROOK","503553139V",6000.00,,"HNB","BADULLA","11020057298","CONFIRMED",,
"KEPPETIPOLA","CA-BDL-6055","THILANKA","KULARATHNE BANDARA EKANAYAKE","K.B. EKANAYAKE","512533361V",6000.00,,"BOC","KEPPETIPOLA","8036145","CONFIRMED",,
"KOSLANDA","CA-BDL-6052","AMILA","LAMA HEWAGE ATHULA WIKKRAMASOORIYA","ATHULA WIKKRAMASURIYA","651301157V",6000.00,,"PEO","KOSLANDA","260200160012359","CONFIRMED",,
"KUMBUKKANA","CA-MRG-6069","AMILA","WIKKRAMASINGHA LANDAGE SANTHASIRI","W.L.SANTHASIRI","702591538V",6000.00,,"PEO","BUTTALA","147200190082736","CONFIRMED",,
"LAHUGALA","SA-AMP-4222","AHAMED","RATA RANANAGE ILLANGARATHNA","R.R.ILLANGARATHNA","581023782V",4000.00,,"SAM","MONARAGALA","1074 5327 6613","CONFIRMED",,
"LUNUWATTE","CA-BDL-6103","THILANKA","MUNDAYYA SHANTHA KUMAR","M.S. KUMAR","752442045 V",6000.00,,"PEO","UVAPARANAGAMA","156200180021436","CONFIRMED",,
"MAHAOYA","CA-AMP-6043","AMILA","BULU HEWALAGE SUSANTHA WIJETHILAKA","B.H.S.WIJETHILAKA","722650514V",6000.00,,"SAM","MAHIYANGANA","1056 5005 1757","CONFIRMED",,
"MAHIYANGANA","CA-BDL-6019","SAMEERA","DISSANAYAKE MUDIYANSELAGE JAYAWARDANA","DM JAYAWARDANA","543443662V",6000.00,,"SAM","MAHIYANGANA","1056 5362 3426","CONFIRMED",,
"MEDAGAMA","CA-MRG-6095","AMILA","DISANAYAKA MUDIYANSELAGE PUNCHIBANDA","D.M.PUNCHIBANDA","RECEIVED A GRAMASEWAKA RECOMMENDATION ONLY",6000.00,,"BOC","MEDAGAMA","71401877","CONFIRMED",,
"NAKKALA","CA-MRG-6067","AMILA","THENNAKOON MUDIYANSELAGE AJITH PRIYANTHA","T.M.A.PRIYANATHA","692710681V",6000.00,,"BOC","BADALKUMBURA","6384047","CONFIRMED",,
"NUGATHALAWA","CA-BDL-6225","THILANKA","APPUKUTTI ARACHCHIGE DON DARMASENA","A.A.D DARMASENA","380330164V",6000.00,,"HNB","WELIMADA","33020158266","CONFIRMED",,
"PADIYATHALAWA 01","CA-AMP-6033","AMILA","HERATH MUDIYANSELAGE SAMAN KUMARA HERATH","H.M.S.K.HERATH","763284840V",6000.00," ","SAM","BADULLA","1093 5348 7189","CONFIRMED",,
"POTUVIL","CA-AMP-6059","AHAMED","NANTHAKUMAR SUTHANTHAN","N.SUTHANTHAN","770890829V",,2000.00,"BOC","POTHUWIL","6170395","PAYMENT HOLD UNTIL FURTHER NOTICE","PAYMENT HOLD UNTIL FURTHER NOTICE",
"OLUVIL","CA-AMP-6098","AHAMED","MOHAMED ISMAIL SAAJAHAN","M.I.SAAJAHAN","832630551V",6000.00,,"HNB","AKKARAIPATTU","78020097997","CONFIRMED",,
"SIYABALANDUWA","CA-MRG-6035","AMILA","SEMANMERU PATHIRANA AJITH KUMARA","S.P.A. KUMARA","720841509V",6000.00,,"BOC","SIYABALANDUWA","6438525","CONFIRMED",,
"WALAPANE","CA-NEL-6086","THILANKA","WIJEKOON MUDIYANSELAGE ASANKA NAYANAJITH WIJEKOON","W.M.A.N. WIJEKOON","781033251V",6000.00,,"PEO","WALAPANE","127200190026422","CONFIRMED",,
"WELIMADA","CA-BDL-6017","THILANKA","MENIK HITIHAMY MUDIYANSELAGE DINUSHIKA MADHUSHANI","M H M D MADHUSHANI","885140866 V",6000.00,,"SAM","WELIMADA","108153641158","CONFIRMED",,
"ANGODA","WA-CMB-0086","CHANDANA","JAYAKODY ARACHCHIGE PREMALAL","J.A. PREMALAL","581380216 V",6000.00,,"COM","KOTIKAWATTE","8119 0150 04","CONFIRMED",,
"ATTANAGALLE","WA-GMP-0080","PRADEEP","W M B WICHRAMAARACHCHI","W M B WICHRAMAARACHCHI","511391350V",6000.00,,"PEO","NITTAMBUWA","278100162452007","CONFIRMED",,
"BADALGAMA","WA-GMP-0092","BRIAN","KANNANGARA ARACHCHGE PIYUMASENA","K.A.PIYUMASENA","470706961V",6000.00,,"HNB","MARADAGAHAMULLA","79020007337","CONFIRMED",,
"BOPITIYA","WA-GMP-0207","BRIAN","K.H.SHANTHA ARUNODA","K.H.S .ARUNODA","661811471V",3000.00,,"SAM","JA ELA","100953270134","CONFIRMED",,
"MAGADERIYA","WA-GMP-0437","PRADEEP","KAHATAPITIYA RALALAGE PIYASIRI HEMACHANDRA NILMINI KARUNARATHNE","K.R.P.H.N.KARUNARATHNE","633521603V",5000.00,,"SAM","MIRIGAMA","108653901464","CONFIRMED",,
"DIVULAPITIYA-10000","WA-GMP-0085","PRADEEP","JAYAKODI ARACHCHIGE THILINA MAHINDA JAYAKODI","J A T M JAYAKODI","631841767 V",6000.00,,"HNB","DIVULAPITIYA","79020086240","CONFIRMED",,
"DOMPE","WA-GMP-0125","KRISHANTHA","LIYANA ATHUKOORALALAGE MALITHA IROSHAN ATHUKORALA","L.A.M.I. ATHUKOORALA","861880125V",6000.00,,"PEO","HANWELLA","229-2-001-8-4227114","CONFIRMED",,
"DUNAGAHA 2000","WA-GMP-0316","PUSHPE","A KARUNATHILAKE","ALUTHGAMAGE KARUNATHILAKE","640283190 V",,1000.00,"SAM","MARADAGAHAMULA","118354072332","HOLD PAYMENT","HOLDED FOR THE MONTH OF SEP",
,,"PUSHPE","HENNATH GEDARA  SENEVIRATHNA","H.G SENAVIATHNA","470161655V",,1000.00,"SEY","MIRIGAMA","078002647860101","HOLD PAYMENT","HOLDED FOR THE MONTH OF SEP",
"GALAPITAMADA","WB-KGL-2119","CHANDIMA","KATAWALA GEDARA JANAKA KRISHAN KUMARA","K.G. JANAKA KRISHAN KUAMARA","801930506V",5000.00,,"PEO","RAMBUKKANA","101200195130300","CONFIRMED",,
"KALAPALUWAWA","WA-CMB-0124","CHANDANA","VIJITHA BUWANEKA AMARASINGHE","V.B.AMARASINGHE","582381941V",6000.00,,"COM","RAJAGIRIYA","8620029071","CONFIRMED",,
"KOCHCHIKADE","WA-GMP-0047","BRIAN","NUGEGODAGE CIRIL GODFRY SILVA","N.C.G.SILVA","451890930V",6000.00,,"SEY","KOCHCHIKADE","058005871580101","CONFIRMED",,
"KUDAMADUWA","WB-CMB-2051","THARANGA","NANDA KUMARA WIJAYASURIYA","N.K WIJAYASURIYA","713292001V",5000.00,,"COM","KOTTAWA","8121022581","CONFIRMED",,
"MEEGODA","WB-CMB-2038","THARANGA","COLOMBO THANTHRIGE PEMARATHNE","C T PEMARATHNE","482859855V",5000.00,,"BOC","MEEGODA","73936506","CONFIRMED",,
"ALGAMA-4000","WA-KGL-0304","PRADEEP","ILANDARI PELIGE NIMAL KARUNATHILAKA JAYATHISSA","I.P.N.K.JAYATHISSA","631254497V",4000.00,,"PEO","WARAKAPOLA","054-2-001-8-3200785","CONFIRMED",,
"MIRISWATTA","WA-GMP-0160","BRIAN","DON ROSHAN THUSHARA ATAMPALAARACHCHI","D.R.T ATAMPALAARACHCHI","713180700V",6000.00,,"COM","NEGAMBO","8337969801","CONFIRMED",,
"MORAGAHAHENA","WB-CMB-2055","THARANGA","PUSWELI MULLA GAMAGE DAMMIKA SUDARSHANI","P.M.G.D SUDARSHANI","716912345V",5000.00,,"PEO","MORAGAHAHENA","041 2001 6001 3149","CONFIRMED",,
"PANNIPITIYA","WB-CMB-2020","THARANGA","SURAWIRA ARACHCHIGE SOMADASA","S.A SOMADASA","492780219V",5000.00,,"PEO","KOTTAWA","328-2-001-2-0017047","CONFIRMED",,
"PUGODA","WA-GMP-0081","ASANKA","WANNI ARACHCHIGE DON WIJEDASA","W.A.D.WIJEDASA","433521005V",6000.00,,"BOC","PUGODA","8737967","CONFIRMED",,
"RADHAWANA","WA-GMP-0102","PRADEEP","KASTHURI ARACHCHILAGE SUMANAWARDHANA","K.A.SUMANAWARDHANA","483143281V",6000.00,,"SAM","KIRIDIWELA","108353498284","CONFIRMED",,
"THIHARIYA","WA-GMP-0088","PRADEEP","RANASINHE ARACHCHIGE SHAMALI PERARA","R.A.S.PERARA","645741986 V",5000.00,,"SAM","NITTAMBUWA","107153497095","CONFIRMED",,
"WALPOLA","WA-GMP-0151","JEEWANTHA","WELATHANTHIRIGE PIYASIRI BOTEJU","W.P. BOTEJU","523510576V",6000.00,,"BOC","RAGAMA","71646745","CONFIRMED",,
"WEEDIYAGODA","WB-CMB-2058","THARANGA","WALGAMA DAMINDA","WALGAMA DAMINDA","830912789V",5000.00,,"PEO","BANDARAGAMA","121200124046899","CONFIRMED",,
"WELIVERIYA","WA-GMP-0054","KRISHANTHA","HALAWATHAGE MADURA GAYAN PERERA","H M G PERERA","811631221V",5000.00,,"PEO","DELGODA","118-2-001-1-0019567","CONFIRMED",,
"THALAWILA ","NA-PTM-8161","SANJAYA","PATHTHINI KUTTEGE NILANTHI MARI JASINTHA NONIS","P.K.N.M.J.NONIS","696244162V",6000.00,,"PEO","KALPITIYA","125-200160001626","CONFIRMED",,
"GIRANDURUKOTTE","CA-BDL-6032","SAMEERA","THIRAKANDA HELAGE DON GUNASIRI SARATHCHANDRA","THDG SARATHCHANDRA","862050606V",6000.00,,"BOC","GIRANDURUKOTTE / 669","3128771","CONFIRMED",,
"NEBODA","WB-KLT-2034","RUWAN LAKMAL","ARUMUGAN KUMAR","A.KUMAR","782441736V",6000.00,,"COM","MATHUGAMA","8960007737","CONFIRMED",,
"GALAGEDARA 2","CA-KDY-6022","RANDENIYA","BANANGA WALUDDENIYE GEDARA SARATH MAHINDA","B.W.G.SARATH MAHINDA","660493379V",4000.00,,"COM","KATUGASTHOTA","8450015542","CONFIRMED",,
"KADUGANNAWA TOWN/MUNDAGIRIYA","CA-KDY-6071","CHANDIMA","WALAKADA WATTEGEDARA THILAKARATHNA CHAMINDA BANDARA GALKOTUWA","W G C BANDARA","843071104V",6000.00,,"PEO","KADUGANNAWA","159-2-001-4-0012183","CONFIRMED",,
"HUNNAS TW","CA-KDY-6140","PRAGEETH","RADAVADUNNALAGE RASIKA PRIYADARSHANA","RR PRIYADARSHANA","761291394V",6000.00,,"PEO","GAMPAHA","26200331680309","CONFIRMED",,
"HETTIMULLA","WA-KGL-0199","CHANDIMA","LANKAPURAYALAGE JAYASINGHE","L.P.JAYASINGHE","663533746V",4500.00,,"COM","KEGALLE","8210011284","CONFIRMED",,
"MORAWAKA","SA-MTR-4054","ERANGA","JASIN LIYANAGE INDIKA KUMARA","J L I KUMARA","433040570V",6000.00,,"SAM","MORAWAKA","101553165089","CONFIRMED",,
"WARAKAPOLA","WA-KGL-0039","PRADEEP","I P JAYASENA","I P JAYASENA","560233299 V",3000.00,,"SAM","WATTALA","100850261975","CONFIRMED",,
"PADAVIYA","NA-ANP-8055","AMILA K","MADAWALA WITHANAGE ANURA KUMARA","M.W. ANURA KUMARA","812200224V",6000.00,,"BOC","PADAVIYA","8748799","CONFIRMED",,
"MUDDARAGAMA","WA-GMP-0351","PRADEEP","UKWATHTHAGE GUNATHILAKE","U.GUNATHILAKE","411601412 V",6000.00,,"PEO","VEYANGODA","079-2-001-7-4339075","CONFIRMED",,
"DEWAHUWA","NA-ANP-8192","DINESH","WERADUWAGE ROSHAN SUSIL KUMARA","W.R.S.KUMARA","743547734V",6000.00,,"COM","DAMBULLA","8354932101","CONFIRMED",,
"UKUWELA","NA-MTL-8093","RANDENIYA","SIYABALAGAHA GEDARA  PALITHA","S.G.PALITHA","741861186V",4500.00,,"PEO","UKUWELA","201-2-001-3-0005163","CONFIRMED","UNTILL FURTHER NOTICE",
"KEKANADURA","SA-MTR-4124","LASANTHA","A JAYASINGHE","A JAYASINGHE","752613320V",6000.00,,"PEO","MATARA UYANWATTE","032200122507797","CONFIRMED",,
"TANGALLE","SA-HMB-4020","LASANTHA","VIDANA MOHANDIRAMGE NIMAL","V.M.NIMAL","542241730V",6000.00,,"PEO","TANGALLE","067200190024259","CONFIRMED",,
"BANDIGODA","WA-GMP-0234","JEEWANTHA","WERAGODA GAMAGE DONA MERI BEATRICE","W G D M BEATRICE","446370545V",6000.00,,"BOC","JA ELA","459008","CONFIRMED",,
"RAMBUKKANA","NA-KGL-8070","CHANDIMA","JAYASINGHE MANCHEGE PUSHPA RANJITH DE SILVA","J.M.P.RANJITH DE SILVA","581130945V",6000.00,,"BOC","RAMBUKKANA","5591096","CONFIRMED",,
"NAKIYADENIYA","SA-GLE-4056","ERANGA","WEERASINGHE ARACHCHIGE SADDHASENA WEERASINGHE","W.A. SADDASENA WEERASINGHE","520642951V",6000.00,,"PEO","UDUGAMA","131200140049418","CONFIRMED",,
"HOMAGAMA","WB-CMB-2019","THARANGA","AKMIMANA GAMAGE SUMITH PRASANTHA GUNASAKARA","A.G.S.P GUNASEKARA","761000667V",5000.00,,"COM","HOMAGAMA","8750033292","CONFIRMED",,
"PULLEYAR JUNCTION","NA-ANP-8222","AMILA K","MIRISSA MALLIKAGE KARUNADASA","M.M. KARUNADASA","620423661V",6000.00,,"HNB","ANURADHAPURA","010020166212","CONFIRMED",,
"URUBOKKA","SA-MTR-4069","ERANGA","MALAVI PATHIRANAGE CHANDRASIRI","M.P CHANDRASIRI","612070652V",6000.00,,"SAM","DENIYAYA","101553484869","CONFIRMED",,
"MATHAWA","NAKUG-8105","RUWINGA","HAPAN WEERALAGE SIRIL WEERASINGHE","H.W.S. WEERASINGHE","752714851V",6000.00,,"SAM","KURUNEGALA","100653796730","CONFIRMED",,
"SEEPPUKULAMA","NA-ANP-8113","AMILA K","MUTHUKUDA ARACHCHIGE KARUNADASA PERERA","M A K PERERA","502512781 V",6000.00,,"RDB","MIHINTHALE","10-15053-1","CONFIRMED",,
"MEDAWACHCHIYA","NA-ANP-8042","AMILA K","SUBASINGHA MUDIYANSELAGE GAMINI CHANDRASEKARA","S.M.G. CHANDRASEKARA","643572370V",6000.00,,"BOC","MEDAWACHCHIYA","162-71348682","CONFIRMED",,
"BELUHULOYA","SA-RTP-4042","NADEERA","PAYAGALA GAMARALALAGE SUNITHA PRASANNA AMARASIRI","P G S P AMARASIRI","651373484V",2000.00,,"BOC","BELIHULOYA","6795506","CONFIRMED",,
"IMBULPE","SA-RTP-4077","NADEERA","PIYASEKERALAGE INDIKA RUWAN KUMARA","P I R KUMARA","760402044 V",6000.00,,"SAM","WADDUWA","107553155851","CONFIRMED",,
"WELIGEPOLA - LELLOPITIYA","SA-RTP-4159","NADEERA","PADUKKA VIDANANELALAGE HARISCHANDRA","P V HARISCHANDRA","803033749V",4000.00,,"PEO","WELIGEPOLA","0172 00130007343","CONFIRMED",,
"HIRANA","WB CMB 2021","KOSHALA","BALACHANDRAARACHCHILAGE DON NANDAWARNA AMARAJEEWA","B.D.N AMARAJEEWA","881962403 V",4000.00,,"HNB","PANADURA","069020121828","CONFIRMED",,
"VIJAYAPURA","NA-PLN-8264","ABEYNAYAKA","KAPUHENNAYAKE MUDIYANSELAGE UPASAKA GEDARA HEENBANDA","K.M.U.G.HEENBANDA","443610278V",6000.00,,"BOC","MEDIRIGIRIYA","8380357","CONFIRMED",,
"NEKETHTHEGAMA","NA-ANP-8178","KEERTHI","APPUHAMIGE JAYAWARDANA","A.JAYAWARDANA","460340055V",6000.00,,"PEO","NOCHCHIYAGAMA","171 2001 80006568","CONFIRMED",,
"ANAMADUWA ","NA-PTM-8023","WARUNA","S.M.S.S UDAYASIRI","S.M.S.S UDAYASIRI","761100742 V",6000.00,,"BOC","ANAMADUWA","3917040","CONFIRMED",,
"WEWELDENIYA","WA-GMP-0172","PRADEEP","REV DODAMGASLANDE RATHANATHISSA THERO","REV D.RATHANATHISSA","730663420V",8000.00,,"SAM","NITTAMBUWA","107153498487","CONFIRMED",,
"OKKAMPITIYA","CA-MRG-6213","AMILA","KUMARA WIDANALAGE DINUSHA SHASHIKAMAL KARUNASENA","K.W.D.S.KARUNASENA","911852993 V",3000.00,,"BOC","OKKAMPITIYA","70425022","CONFIRMED",,
"MATALE HETTIPOLA","NAMTL-8067","SAMEERA","S.M.P.G. NAWARATHNA","SUBASINHA MUDIYANSELAGE PALLE GEDARA NWARATHNA","672272556V",6000.00,,"PEO","WILGAMUWA","122200140048315","CONFIRMED",,
"HIRIYALA","NAKUG-8115","SUJEEWA","K.M.C. KUMARA","KIRIMUDIYANSELAGE CHANDRA KUMARA","783223015V",6000.00,,"PEO","ETHUGALPURA","334-2-001-3-0084773","CONFIRMED",,
"GALKULAMA-ANU","NA-ANP-8112","KEERTHI","WANIGANAYAKA PATHIRUNNAHALAGE VIJAYA KUMARA","W P VIJAYA KUMARA","780372249V",6000.00,,"NSB","ANURADHAPURA","1-0906-80-1244-0","CONFIRMED",,
"AYAGAMA","SA-RTP-4339","NADEERA","GALAPITAGE MAHESH WIJERATHNA","G M WIJERATHNA","832094390V",4000.00,,"BOC","AYAGAMA","1860508","CONFIRMED",,
"ANGULUGAHA","SA-GLE-4055","ERANGA","THUSHARA PARANAWITHANA","T. PARANAWITHANA","732731636V",6000.00,,"SAM","GALLE","103553796215","CONFIRMED",,
"PALAVIYA","NA-PTM-8061","WARUNA","D.A.P FERNANDO","D.A.P FERNANDO","851100024V",6000.00,,"COM","PUTTALAM","8148000476","CONFIRMED",,
"HABARANA","NA-ANP-8029","ABEYNAYAKA","WARNASURIYA PATABADIGE NANDASENA","W.P.NANDASENA","430310011V",6000.00,,"PEO","HABARANA","203-2-001-5-0005217","CONFIRMED",,
"AMITHIRIGALA","WB-KGL-2085","ASANKA","AMARASINGHE ARACHCHILAGE GUNAPALA AMARASINGHE","A A G AMARASINGHE","592342200 V",2000.00,,"PEO","AMITHIRIGALA","202200170008036","CONFIRMED",,
"AGALAWATTE","WB-KLT-2066","RUWAN LAKMAL","DOLAWATTE ARACHCHIGE CHANDRADASA","D A D CHANDRADASA","560230737 V",6000.00,,"BOC","AGALAWATTE","4914681","CONFIRMED",,
"ENDANA","SA-RTP-4375","NADEERA","ILUKTHANNA WAHAMPURAGE KARUNASENA","I.W. KARUNASENA","670574350V",3000.00,,"COM","KAHAATTA","8133002283","CONFIRMED",,
"GILEEMALE","SA-RTP-4280","NADEERA","GALEGEDARA WASANTHA PUSHPA KUMARA","G .W. PUSHPA KUMARA","790100557V",1500.00,,"SAM","RATNAPURA","1033-5386-7396","CONFIRMED",,
"GILEEMALE","SA-RTP-4280","NADEERA","BOLONCHNALAGE ROHITHA RUWAN AMARASINGHA","B R R AMARAINGHA","751872577V",1500.00,,"HNB","RATNAPURA","30020181528","CONFIRMED",,
"SEENIMODARA","SA-HMB-4252","LASANTHA","RATHNAWEERA PATABENDIGE ISURU LAKMAL","R P I LAKMAL","863073260 V",4000.00,,"COM","TANGALLE","8123004464","CONFIRMED",,
"ENDARUTHENNA","CA-KDY-6174","RANDENIYA","WEERASINGHE GAMINI WICKRAMARATHNE","W G WICKRAMARATHNE","583543708 V",6000.00,,"COM","KANDY CITY","8150906992","CONFIRMED",,
"PELAWATTE","SA-KLT-4082","RUWAN LAKMAL","KARANDANA LEKAMLAGE WIMALSIRI SUDASINGHE","K L W SUDASINGHE","751363990V",6000.00,,"PEO","PELAWATTE","261 2 001 0 0028188","CONFIRMED",,
"DIGANA","CAKDY 6030","PRAGEETH","RANPOTHI GEDARA MAITHRIPALA","RG MAITHRIPALA","601573920V",6000.00,,"BOC","DIGANA","70217479","CONFIRMED",,
"KATUKELIYAWA","NA-ANP-8220","AMILA K","HETTI ARACHCHIGE SOMASIRI","H A SOMASIRI","611483147V",6000.00,,"HNB","ANURADHAPURA","10020139994","CONFIRMED",,
"MARAVILA","NA-PTM-8018","BRIAN","DAVID MAHENDRA ANIL FERNANDO","D M A FERNANDO","570700464 V",5000.00,,"COM","NATTANDIYA","8224770401","CONFIRMED",,
"KANDAWALA","WA-GMP-0334","BRIAN","KODIKARA AARACHCHILAGE SOMAPALA","K A SOMAPALA","491843330 V",2000.00,,"PEO","WARAKAPOLA","054-2-001-9-0003730","CONFIRMED",,
"AMBEPUSSA BOTHALE","WA-GMP-0519","PRADEEP","HENAKA RALALAGE PIYARATHNA","H.R. PIYARATHNE","513301367V",5000.00,,"SEY","MEERIGAMA","0780-33346176-101","CONFIRMED",,
"POLGAHAWELA","NAKUG-8026","RUWINGA","EGODA KAMKANAMALAGE JAYASHRI RUWAN SAGARA","E.K.J.R.SAGARA","721962385V",6000.00,,"COM","POLGAHAWELA","8141001277","CONFIRMED",,
"BATTARAMULLA","WA CMB 0035","CHANDANA","HEWA DECAGE SUMITH NISHANTHA","H D S NISHANTHA","711200940 V",6000.00,,"PEO","BATTARAMULLA","208200140015752","CONFIRMED",,
"HURULUNIKAWEWA","NA ANP 8496","KEERTHI","KONARA MUDIYANSELAGE PRASANNA KARUNARATHNE","K M P KARUNARATHNE","741124149 V",6000.00,,"PEO","GALENBINDUNUWEWA","177200160062185","CONFIRMED",,
"THALAWAKELE","CA NEL 6054","DIMUTHU","V PALANIYANDY","V PALANIYANDY","451582542V",6000.00,,"PEO","THALAWAKELE","382070458835","CONFIRMED",,
"WADAKADA","NA KUG 8083","RUWINGA","H N S P SENAVIRATHNE","HINTHARA NAIDELAGE SHANAKA PRADEEP SENAVIRATHNE.",,6000.00,,"BOC","POTUHERA","9535074","CONFIRMED",,
"WALGAMMULA","SA-HMB-4150 ","CHANDANA KUMARA","D H SARATH","DUMINGU HEWAGE SARATH","612030634 V",6000.00,,"PEO","WALASMULLA","120 2 002 9 8568273","CONFIRMED",,
"NILDANDAHINNA","CA- NEL-6336","THILANKA","D.G. GUNERIS","D.G. GUNERIS","612944920V",6000.00,,"PEO","NILDANDAHINNA","127200100015282","CONFIRMED",,
"MELSIRIPURA","NA-KUG-8050","RAVI","U.G.SUNIL CHANDRAPALA","U.G.SUNIL CHANDRAPALA","672942098V",6000.00,0.00,"BOC","MELSIRIPURA","6039879","CONFIRMED",,
"KOHOLANWALA","NA-MTL-8177","DINESH","K . ALAN KUMARA","KITHNASAMI ALAN KUMARA ","841954181V",,6000.00,"COM","MATALE","8080029805","PAYMENT HOLD UNTIL FURTHER NOTICE",,
"WANDURAGALA","NA-KUG-8193","RUWINGA","WERAHERA LIYANAGE HEMAPALA","WERAHERA LIYANAGE HEMAPALA","542391413V",6000.00,,"SAM","KURUNEGALA","100654349110","NEW APPOINTMENT",,
,,,,,,1597000.00,40000.00,,,,,,
,,,,,,,,,,,,,
,,,,,,,,,"TOTAL NO OF CARETAKERS","287",,,
,,,,,,,,,"NO OF HOLD PAYMENTS","9",,,
