"SITE NAME","SITE CODE","SITE ENGINEER","FULL NAME OF CARETAKER","NAME","NIC","ADDRESS","BANK","BRANCH","ACCOUNT","BANK CODE","BRANCH CODE"
"4TH MILE POST ","NA-TCM-8164","ABEYNAYAKA","MAHA KUMARAGE ANURA JAYAKODY","M.K.ANURA JAYAKODY","581072210V",,"BOC","CHAINA BAY","70762029",,
"ADIYAGALA","NAANP-8101","KEERTHI","MUDALIGE SHANTHI","M.SHANTHI","616812475V",,"BOC","KEKIRAWA","3793368",,
"ALAHERA ","NAMTL-8096 ","DINESH","WIJESOORIYA MUDIYANSELAGE GAMINI PRIYADARSHANA WIJESOORIYA","W.M.G.P WIJESOORIYA","663193228V",,"BOC","BAKAMOONA","70955893",,
"AMBALE","NA-KUG-8104","SANJAYA","GARDIYA WALEGAMEGE KANTHI","G.W.KANTHI","608314431V",,"BOC","ANAMADUWA","7994082",,
"AMBANPOLA","NA-KUG-8099","KEERTHI","DISSANAYAKA MUDIYANSELAGE RANBANDARA","D.M RANBANDARA","680710929 V",,"HNB","AMBANPOLA","19020332400",,
"ARACHCHIKATTUWA","NA-PTM-8014","SANJAYA","CHANDRASEKARA HERATH HETIHAMI KORALLEGE LAL DHAMMIKA UPAJEWA","C.H.H.K.L.D.UPAJEWA","601490200X",,"COM","CHILAW","8430029204",,
"ARALAGANWILA","NA-PLN-8063","ABEYNAYAKA","WIJESINGHE GAMA ARACHCHIGE WEERASINGHE","W.G.A.WEERASINGHE","620225231V",,"BOC","ARALAGANWILA","5916753",,
"BAKAMUNA","NAMTL-8075 ","ABEYNAYAKA","MALAGAMMANA UDATHENNEGEDARA PRIYANTHA RANASINGHE","M.U.P RANASINGHE",688370663,,"PEO","NAULA","242200110019675",,
"BARIGODA ","NAKUG-8088","RUWINGA","MUNNIPURAGE SANJEEWA UDAYA KUMARA","M.P.S.U.M.KUMARA","772610750V",,"BOC","KULIYAPITIYA","70181548",,
"BINGIRIYA","NA-KUG-8035","SANUKA","JAYAMAHA HITIHAMILLAGE AMILA DUMINDA JAYAMAHA","J.H.A.D.JAYAMAHA","850144907V",,"BOC","BINGIRIYA","8636374",,
"BULANKULAMA","NA-ANP-8128","KEERTHI","PATHIRANA GAMMACHCHARINGE SUJITH SANJEEWA RATHNASIRI","P.G.S.S. RATHNASIRI","792170781V",,"BOC","ANURADHAPURA","9933433",,
"DEHIATHTHAKANDIYA","CA-AMP-6062","ROSHAN PRADEEPA","DISSANAYAKE MUDIYANSELAGE NILANTHA KARUNARATHNA","DMN KARUNARATHNA","763092712V",,"SAM","MAHIYANGANA","1056 5333 2456",,
"DIYABEDUMA","NA-PLN-8095","ABEYNAYAKA","SIMANMERU PATHIRANAGE SUSANTHA KUMARA","S.P.SUSANTHA KUMARA","761392794V",,"COM","KADURUWELA","8880012255",,
"DIYASENPURA ","NA-PLN-8110","ABEYNAYAKA","DALPITIYA MUDIYANSELAGE SISIRA KUMARA DALPITIYA","D.M.S.K.DALPITIYA","720193353V",,"SEY","HINGURAKGODA","0510-01710982-101",,
"ELAYAPATHTHUWA ","NA-ANP-8133","AMILA K","JAYAWARDHANA MUDIYANSELAGE NANDANASIRI JAYAWARDENA","J.M.N. JAYAWARDENA","750613730V",,"BOC","ANURADHAPURA","1556851",,
"GALENBINDUNUWEWA","NA-ANP-8040","KEERTHI","RANAWERA KORALALAGE DON JAYASINGHE ","R.K.D. JAYASINHE","601193639V",,"PEO","GALENBINUWEWA","177200110030601",,
"GALEWELA ","NAMTL-8020","DINESH","KAVIRAJ THILAKARAHTNE ARACHCHILAGE JANAKA THILAKARATHNE","K.T.A.J.THILAKARATHNE","735370863V",,"NSB","DAMBULLA","1-0103-01-2617-9",,
"GALGAMUWA ","NA-KUG-8024","KEERTHI","HERATH MUDIYANSELAGE JAYATHILAKA","H.M JAYATHILAKA","703271944V",,"PEO","GALGAMUWA","184-2-001-3-6047100",,
"GALKULAMA_PTM","NA-PTM-8037","SANJAYA","KODITHUWAKKU ARACHCHIGE GODWIN SATHARAKULASINGHE","K.A.G.SATHARAKULASINGHE","540212945V",,"COM","PUTTLAM","8148006320",,
"GALOYA-JUNC ","NA-PLN-8103","ABEYNAYAKA","WEERASANGIRI GEDARA ASANKA UDAYAKUMARA","W.G.ASANKA UDAYAKUMARA","853074950V",,"PEO","HINGURAKGODA","006-2-001-4-0052379",,
"GAMBIRIGASWEWA","NA-ANP-8155","AMILA K","ADAMBAWA ABDUL MAJINDU","A.A. MAJINDU","642063197V",,"HNB","ANURADHAPURA","010020284340",,
"GIRITALE","NA-PLN-8138","ABEYNAYAKA","ABEYSINGHE MUDIYANSELAGE NILUKA CHATHURANI ABEYSINGHE","A.M.N.CHATHURANI ABEYSINGHE","847861266V",,"SAM","HINGURAKGODA","111053855453",,
"HETTIPOLA_KRG","NA-KUG-8058","SANUKA","HALAWATHAGE ANACLITUS ANTONY PERERA","H A A PERERA","570792431V",,"NSB","HETTIPOLA","1-0709-01-15711",,
"HINGURAKGODA","NA-PLN-8028","ABEYNAYAKA","GODAYALAGE SAMANTHA JAYAWEERA","G.SAMANTHA JAYAWEERA","861764729V",,"SAM","HINGURAKGODA","111053798549",,
"HIRIPITIYA ","NAKUG-8052","SUJEEWA","WEERAHANNADIGE DARMASIRI","W.D. FERNANDO","712580046V",,"NDB","KURUNEGALA","7106017254",,
"HOROWPOTHANA","NA-ANP-8089","AMILA K","WANNIHAMIGE SENARATHNA","W.SENARATHNA","660811613V",,"PEO","HOROWPOTHANA","218200170018767",,
"IBBAGAMUWA ","NA-KUG-8048","SUJEEWA","ABEYKOON MUDIYANSELAHE ANURA ABEYKOON BANDARA","A M A A BANDARA","600100971 V",,"PEO","IBBAGAMUWA ","207 2 001 4 5932827",,
"INAMALUWA","NAMTL-8135 ","DINESH","VEDAGEDARA KULASOORIYA","V.KULASOORIYA","556832048V",,"KDB","DAMBULLA","02400100495",,
"JAYANTHIPURA (*)","NA-PLN-8059","ABEYNAYAKA","ADIKARAM MUDIYANSELAGE ROHINI","A.M.ROHINI","608614192V",,"BOC","JAYANTHIPURA","7168607",,
"KAHATAGASDIGILIYA ","NA-ANP-8053","AMILA K","KARUNATHILAKA MUDIYANSELAGE INDIKA SANJEEWA KARUNATHILAKA ","K.M.I.S. KARUNATHILAKA","762300893V",,"BOC","KAHATAGASDIGILIYA","699800",,
"KALAWEWA","NA-ANP-8102","KEERTHI","MUHAM MADU RASIDU MUHAMMADU FALITH","M.M.R.M FALEEL","700803775V",,"PEO","KEKIRAWA","042200197505958",,
"KALPITIYA","NA-PTM-8015","SANJAYA","GAGAHI GAMAGE KALAL IFTHIKAR","G.G.K.IFTHIKAR","781381802V",,"BOC","KALPITIYA","70683842",,
"KANDALAMA","NAMTL-8094 ","DINESH","WARNASOORIYA MUDIYANSELAGE IHALA GEDARA RANJITH WARNASOORIYA","W.M.I.G.R.WARNASOORIYA","702950090V",,"PEO","DAMBULLA","138-2-001-0-5454986",,
"KARUWALAGASWEWA","NA-PTM-8131","SANJAYA","RANGE BANDHARELAGE SENAWIRATHNA BANDARA","R.B.S.BANDHARA","593421759V",,"COM","PUTTLAM","8148006417",,
"KATUPOTHA ","NAKUG-8092","RUWINGA","DISSANAYAKA MUDIYANSELAGE SENARATH GAMINI BANDARA DISSANAYAKA","D.M.S.G.B. DISSANAYAKA","750463762V",,"BOC","KATUPOTHA","6581815",,
"KEBITHIGOLLEWA","NA-ANP-8054","AMILA K","REV. WALAHAVIDDAWEWA WIJESIRI THERO","REV.W.WIJESIRI THERO","732221476 V",,"PEO","KEBITHIGOLLEWA","150200120017713",,
"KOBEIGANE","NA-KUG-8074","SANUKA","THITHTHAGALLA GAMAGE MONIKA CHANDANI SAMARANAYAKA","T.G.M.C.SAMARANAYAKA","767122985V",,"SEY","KULIYAPITIYA","0440-01850895-101",,
"LENADORA ","NAMTL-8082 ","DINESH","HERATH MUDIYANSELAGE SAMARASINHE","H.M.SAMARASINGHE","511010098V",,"BOC","DAMBULLA","2684338",,
"MADAHAPOLA ","NA-KUG-8086","DINESH","ATHAPATHTHU MUDIYANSELAGE PUNCHIBANDA","A.M.PUNCHIBANDA","451364629V",,"BOC","KURUNEGALA","751228",,
"MADURANKULIYA","NA-PTM-8016","SANJAYA","RANDENI DISSANAYAKAGE ALBIN","R D ALBIN","RECEIVED A GRAMASEWAKA RECOMMENDATION ONLY",,"BOC","MADURANKULIYA","5130841",,
"MADAMPE","NA-PTM-8017","SANUKA","URALIYE VIMALAWANSA HIMI","U.VIMALAWANSA","650843002V",,"PEO","MADAMPE","215-2-001-5-0013890 ",,
"MAHAILUPPALLAMA","NA-ANP-8127","KEERTHI","GIMHANA UDENI CHANATHILAKA","G.U CHANATHILAKA","721012565V",,"PEO","EPPAWALA","170100140000292",,
"MAHARACHCHIMULLA ","NAKUG-8122","RUWINGA","PUNCHI MUDIYANSELAGE UPALI RATHNAYAKA","P.M.U. RATHNAYAKE","603570839V",,"PEO","ALAWWA","149200146105479",,
"MALLAWAPITIYA ","NA-KUG-8090","SUJEEWA","ABDUL RAHUMAN SAMZU ANWAR","A R S ANWAR","680701121 V",,"BOC","BAZAR STREET","838057",,
"MANAMPITIYA","NA-PLN-8060","ABEYNAYAKA","ABEYGODA LIYANAGE CHARITHA SAMEERA LIYANAGE","A.L.CHARITHA SAMEERA LIYANAGE","870631731V",,"SEY","POLONNARUWA","0531-30308780-101",,
"MARADANKADAWALA","NA-ANP-8031","KEERTHI","SOORIYAPPERUMA ARACHCHILAGE DHARMADASA","S A DHARMADASA","612864870 V",,"PEO","MARADANKADAWALA","42200187470921",,
"MASPOTHA","NAKUG-8071","RUWINGA","RUPASINGHE ARACHCHILAGE SUNIL PERERA","R.A.S. PERERA","623500342V",,"PEO","KURUNEGALA","12100100418212",,
"MAWATHAGAMA","NA-KUG-8051","SUJEEWA","AKURANAGE INDIKA DHARMASENA","A I DHARMASENA","771231322 V",,"PEO","MAWATHAGAMA","199200107653091",,
"MIHINTALE","NA-ANP-8100","AMILA K","AGAMPODI DURAGE CHINTHAKA SANDARUWAN","A.D.C. SANDARUWAN","841023722 V",,"HNB","ANURADHAPURA NEW TOWN","010020262311",,
"MINNERIYA","NA-PLN-8125","ABEYNAYAKA","R.L.THUSHAN MANGALA RANATHUNGA","R.L.T. M. RANATHUNGA",,,"PEO","HINGURAKGODA","006-207-082649-6",,
"NALANDA","NAMTL-8106 ","DINESH","WADUGE CHAMARA MADUSANKA","W.C.MADUSANKA","910341073V",,"PEO","NAULA","146-2-001-0-0020908",,
"NARAMMALA","NAKUG-8011","RUWINGA","MALLAWA ARACHCHI SUNIL PREMASINGHE","M.A.S. PREMASINGHE","700074536V",,"PEO","NARAMMALA","82200160043504",,
"NATTANDIYA","NA-PTM-8076","SANUKA","WALIMUNI WIJESIRI MAHINDA MENDIS ABEYSEKARA","W.W.M.M.ABEYSEKARA","460971993V",,"PEO","NATTANDIYA","083-1-001-7-6958518",,
"NAULA ","NAMTL-8091","DINESH","RATHNAYEKE MUDIYANSELAGE GEDARA KULATHUNGA BANDA","R.W.K.BANDA","562463658V",,"PEO","NAULA","146200180033191",,
"NOCHCHIYAGAMA","NA-ANP-8021","KEERTHI","MALALAHITI BANDARALAGE THARIDU MIHIRANGA BANDARA","M.B.T.M.BANDARA","862472616V",,"PEO","NOCHCHIYAGAMA","171200130056589",,
"NOROCHCHOLE","NA-PTM-8045","WARUNA","M.Y MOHAMMADU ISSADEEN","M Y M ISSADEEN","472380273V",,"BOC","NOROCHCHOLE","8362781",,
"PADENIYA ","NAKUG-8137","RUWINGA","RAJAPAKSHA MUDIYANSELAGE SAMEERA SANDARUWAN RAJAPAKSHA","R.M.S.S. RAJAPAKSHA","912693945V",,"SAM","WARIYAPOLA","104453158244",,
"PALLAMA","NA-PTM-8108","WARUNA","W.W.M.J PUSHPAKUMARA","W.W.M.J PUSHPAKUMARA","933423166V",,"BOC","PALLAMA","74151055",,
"POLPITHIGAMA ","NA-KUG-8078","SUJEEWA","ATHAPATTU MUDIYANSELAGE PODIAPPUHAMY","A M PODIAPPUHAMY","490610928 V",,"BOC","MAHO","7449516",,
"RAJANGANAYA","NA-ANP-8114","KEERTHI","GAMMALA MANANAGE LAYANAL PEMASIRI","G.M.L.PEMASIRI","633561060V",,"PEO","THAMBUTHTHEGAMA","219200177420039",,
"RAMBAWEWA","NA-ANP-8033","AMILA K","REV. RATHNASIRI","REV. RATHNASIRI","763640671 V",,"PEO","RAMBAWEWA","008200160023403",,
"RAMBODAGALLA","NA-KUG-8136","SUJEEWA","HABARANA DEWAGE SENADHEERA NANDASIRI","H D S NANDASIRI","793054807 V",,"PEO","RIDEEGAMA","193-2001-20061220",,
"RATHMALGAHAWEWA ","NA-ANP-8154","AMILA K","SAMARASINGHE KANKANAMAGE DHARMADASA","S.K. DHARMADASA","621074148V",,"RDB","KAHATAGASDIGILIYA","10061386",,
"RATTOTA","NAMTL-8162 ","RANDENIYA","MAHADURAGEDARA ANURA GUNARATHNE","M.G.A.GUNARATHNE","783362350V",,"PEO","RATTOTA","128200190009865",,
"SALIYAWEWA","NA-PTM-8065","KEERTHI","MUNI PURAGE KASUN NUWAN SAMEERA","M P K NUWAN SAMEERA","851910905 V",,"PEO","SALIYAWEWA","171200180079908",,
"SANDALANKAWA","WA-KUG-0106","BRIAN","JAYAWEERAGE DHAMMIKA NISHANTHA JAYAWEERA","J.D.N JAYAWEERA","750593143V",,"COM","WENNAPPUWA","1261106601",,
"SIRIPURA ","NA-AMP-8143","ROSHAN PRADEEPA","SINHALAGE AJITH NUWAN SAMARAWICKRAMA BANDARA","SANS BANDARA","830414738V",,"SEY","DEHIATTAKANDIYA","0290-01748763-001",,
"SRIPURA","NA-VNU-8261","ABEYNAYAKA","KAPURUHAMIGE RATHNAYAKA","K. RATHNAYAKA","672020786V",,"BOC","PADAVI PARAKKRAMAPURA","127-6640908",,
"SUNGAWILA","NA-PLN-8139","ABEYNAYAKA","YUSUF FAROOK","Y.FAROOK","770714079V",,"HNB","KADURUWELA","44020065577",,
"THAMBALAGAMUWA ","NA-TCM-8160","ABEYNAYAKA","ALIYAR LABBY MOHAMADU PARIS","A L M PARIS","792783945V",,"BOC","THAMBALAGAMUWA","70910669",,
"YAKALLA","NA-ANP-8117","KEERTHI","MALGAHA GAMAGE DARMAPALA","M.G. DARMAPALA","403230022V",,"PEO","GALENBINDUNUWEWA","177-2-001-8-0036478",,
"THANTHIRIMALE","NA-ANP-8163","AMILA K","JEMISGE SARATH KUMARA","J S KUMARA","792695434 V",,"PEO","ANU'PURA NUWARA WEWA","220-2-001-0-0069254",,
"UDUBEDDAWA","NA-KUG-8073","SANUKA","EDIRISINGHE MUDIYANSELAGE THUSHARA PRIYADARSHANA EDIRISINGHE","E.M.T.P.EDIRISINGHE","890061516V",,"NSB","KULIYAPITIYA","1-0008-80-4148-2",,
"VAVUNIYAWA ","NA-VUN-8140","AMILA K","HAKMANA KANKANAMGE PRIYANTHA ASHOKA","H.K.P ASOKA","721832155V",,"HNB"," THAMMANNAGAHAWELA"," '032020490362",,
"WAHAKOTTE","NAMTL-8077","DINESH","MIRIHANAGE AKUVINAS TERANCE PERERA","M.A.T.PERERA","630651336V",,"HNB","GALEWELA","149020002275",,
"WANATHAVILLUWA ","NA-PTM-8057","WARUNA","J.A.D.S PREMARATHNA","J.A.D.S PREMARATHNA","781643386 V",,"PEO","PUTTLAM","9200164498232",,
"WASGAMUWA","NAMTL-8068","SAMEERA","MEEGAMUPATTIYA GEDARA ","M.G.SUGATHAPALA","592033771V",,"BOC","NAULA","71197898",,
"WELIKANDA ","NA-PLN-8149","ABEYNAYAKA","WEERASINGHE ARACHCHIGE SARATH WEERASINGHE","W.A.SARATH WEERASINGHE","570705520V",,"COM","KADURUWELA","8880008115",,
"WELIPENNAGAHAMULLA","NA-KUG-8118","SANUKA","PREMALATHA GURUNNANSELAGE DONE PREMALATHA","P.G.DONE PREMALATHA","536511393V",,"PEO","WELIPENNAGAHAMULLA","083-2-001-7-0011267",,
"WELLAWA ","NAKUG-8072","SUJEEWA","KANDUHARALALAGE LILANTHA MANOJ CHANDANA OLAGAMA","K. L.M.C. OLAGAMA","802982232V",,"BOC","WELLAWA","71168857",,
"WEUDA","NA-KUG-8098","SUJEEWA","WAYIDYARATHNE HERATH MUDIYANSELAGE PUNCHIBANDARA BALAHARUWA","W H M P BALAHARUWA","492633208 V",,"PEO","MAWATHAGAMA","199200137640479",,
"HAPOLA","NA-KUG-8132","SANUKA","HORATHAL PEDI DURAYALAGE JANAKA RUWAN WIKRAMARATHNA","H.P.D.J.R WIKRAMARATHNA","840832309V",,"SAM","KULIYAPITIYA","102353591529",,
"YAKWILA","NA-KUG-8109","SANUKA","RATHNAYAKA MUDIYANSELAGE SUMEDA RATHNAYAKA","R.M.S.RATHNAYAKA","640801727V",,"COM","KULIYAPITIYA","8510008905",,
"YATAWATTA ","NA-MTL-8066","DINESH","HEWAWARATITAGE AJITH WASANTHA GUNAWARDENA","H A W GUNAWARDENA","753590382 V",,"PEO","YATAWATTE","241200120016196",,
"ALAWATHUGODA","NA-KDY-8084","RANDENIYA","SEWANU KARUPAYYA","S.KARUPAIAH","570654330V",,"PEO","AKURANA","153-2-001-0-0008119",,
"ARANAYAKA","CA-KGL-6025","CHANDIMA","WICRAMASINGHE MUDIYANSELAGE HERATH BANDA","W.M.HERATH BANDA","570420836V",,"PEO","ARANAYAKA/MAWANELLA","248200100011144",,
"BULATHKOHUPITIYA","WP-KGL-2084","CHANDIMA","HEWA PEDIGE SAMEERA PRABATH HEWAGE","H.P.SAMEERA PRABATH HEWAGE","902521887V",,"PEO","BULATHKOHUPITIYA","252200110024717",,
"MASKELIYA","CA-NEL-6039","DIMUTHU","VISVANATHAN","VISVANATHAN","841171764V",,"BOC","COL 01","73274376",,
"HATHARALIYADDA","CA-KDY-6078","PRAGEETH","PELIKUBURA GEDARA ARIYADASA","PG ARIYADASA","521420596V",,"PEO","POTHTHAPITIYA","256 2 001 0 0004082",,
"HEMMATHAGAMA","CA-KGL-6046","CHANDIMA","MOHOMED ISMAIL MOHOMED BASEER","M.I.M.BASEER","550473259V",,"BOC","HEMMATHAGAMA","5772975",,
"HEWAHETA","CA-NEL-6110","PRAGEETH","ARUMUGAM SUBRAMANIYAM","A SUBRAMANIYAM","653164530X",,"PEO","RIKILLAGASKADA","022 2 001 6 0009610",,
"HINGULA_MOBITEL","CA-KGL-6088","CHANDIMA","EPITAWATHTHE GEDARA KARUNASEKARA","E.G.KARUNASEKARA","670404323V",,"COM","MAWANELLA","8790007139",,
"MABERIYATHENNA","CA-KDY-6065","PRAGEETH","MEDA ALAWATHUKOTUWE GETHARA WIJEERATHNA","M.A.G.WIJERATHNA","551901203V",,"PEO","THELDENIYA","112-2-001-1-0009566",,
"MADAWALA ","CA-KDL-6047","PRAGEETH","EKANAYAKA MUDIYANSELAGE KUDABANDA EKANAYAKA","EMK EKANAYAKA","430201026V",,"BOC","MADAWALA","4906092",,
"MADUGODA","CA-KDY-6093","ROSHAN PRADEEPA","MILLAGAHA GEDARA JAYANTHA CHANDRASEKARA","M.G.JAYANTHA CHANDRSEKARA","731394202V",,"BOC","UDUDHUMBARA","6556464",,
"MAHAKEHELWALA","CA-KGL-6045","CHANDIMA","THALAGAHA RALALAGE NAWARATHNA BANDA","T.R.NAWARATHNA BANDA","650720652V",,"PEO","MAWANELLA","69200145200606",,
"MOLAGODA","CA-KGL-6041","CHANDIMA","BORALUWE GEDARA SARATH JAYAWEERA","B.G.SARATH JAYAWEERA","601222175V",,"PEO","KEGALLE","27200191446470",,
"PALLEKELE ","CA-KDY-6053","PRAGEETH","RANHOTHI GETHARA CHANNASOORIYA","R G CHANNASOOORIYA","632461020V",,"PEO","MENIKHINNA","157-2-001-5-0039890",,
"PUSSELLAWA","CA-KDY-6089","DIMUTHU","WELIGAMA GEDARA ANURA CHANDRAKUMARA","W G A CHANDRAKUMARA","801372848V",,"COM","GAMPOLA","8890000957",,
"RIKILLAGASKADE ","CA-NEL-6084","SANJAYA","VODUGE WECKRAMASINHGE","V WECKRAMASINHGE","670090558V",,"PEO","RIKILLAGASKADA","022 2 001 3 5311491",,
"THALATUOYA ","CA-KDY-6079","PRAGEETH","PIHILLA GAHAGEDARA JEYAWECKRAMA","PG JAYAWECKRAMA","531370490V",,"BOC","THALATHUOYA","4074499",,
"WATAWALA","CA-NEL-6100","DIMUTHU","RENGASAMI SELVARAJ ","RENGASAMI SELVARAJ ","610105119V",,"PEO","GINIGATHHENA","302-2-001-0-000-4753",,
"HENDESSA","CA-KDY-6137","DIMUTHU","PILIGALLEGEDARA DULANJA KUMARATHUNGA","P D KUMARATHUNGA","890250254 V",,"PEO","DAULAGALA","206200160029297",,
"ULAPANE","CA-KDY-6066","DIMUTHU","EKANAYAKA MUDIYANSELAGE ANURA BANDARA","E M A BANDARA","662602671V",,"COM","GAMPOLA","8102020035",,
"AMBALANTOTA","SA-HMB-4016","KUMARASIRI","PALLIYAGE DON BANDU SANJEEWA","P D B SANJEEWA","821330599 V",,"PEO","AMBALANTHOTA","072-2-001-8-0017166",,
"ANGUNAKOLAPELESSA","SA-HMB-4026","KUMARASIRI","PREMADASA MUNASINGHE","P MUNASINGHE","483550650 V",,"BOC","ANGUNAKOLAPELESSA","71282072",,
"BARAWAKUMBUKA","SA-HMB-4051","KUMARASIRI","WALGAMA KODITHUWAKKUGE ANURA","W K ANURA","680782806 V",,"BOC","BARAWAKUMBUKA","71271180",,
"DEHIOVITA","WB-KGL-2073","ASANKA","GAMLATH APPUHAMILAGE CHAMILA LAKMAL","G.A.C. LAKMAL","881760479V",,"BOC","DEHIOWITA","2241828",,
"DERANIYAGALA","WB-KGL-2044","ASANKA","UDAHENKANDA LEKAMALAGE SUMATHIPALA","U.L.SUMATHIPALA","533253806V",,"BOC","DERANIYAGALA","1901859",,
"DODAMPE ","SA-RTP-4047","WIJAYATHILAKA","P.A.D.S. SAMARAWICKRAMA","P A D S SAMARAWICKRAMA","661242981 V",,"BOC","RATHNAPURA - SUPER GRADE","3993554",,
"EHELIYAGODA","WB-RTP-2027","WIJAYATHILAKA","NIHAL BANDARA","N BANDARA","RECEIVED A GRAMASEWAKA RECOMMENDATION ONLY",,"PEO","EHELIYAGODA","085200110055055",,
"KATARAGAMA TOWN","SA-MRG-4214","KUMARASIRI","HENPITA GAMAGE DAYANANDA","H G DAYANANDA","533573568 V",,"BOC","KATHARAGAMA","5206928",,
"GETAHETTA","WB-RTP-2104","ASANKA","ARACHCHI VIDANALAGE VIJITHA KUMARA","A.V.V. KUMARA","792953204V",,"PEO","AWISSAWELLA","029200150013242",,
"GODAKAWELA","SA-RTP-4092","NADEERA","WITHANGE SUSANTHA DARMASIRI","W A DARMSIRI","680105910V",,"BOC","GODAKAWELLA","72919348",,
"HAMBANTOTA TOWN","SA-HMB-4006","KUMARASIRI","KARUNAWATHIE KANDAMBI RANASINGHE","K K RANASINGHE","477371914 V",,"COM","HAMBANTHOTA","8166002334",,
"RAKWANA","SA-RTP-4087","NADEERA","ALAHAKON MUDIYANSELAGE PUSHPANANDA SENAVIRATHNA","A M P SENAVIRATHNA","560053924V",,"PEO","RAKWANA","129200130023680",,
"KALAWANA","SA-RTP-4065","NADEERA","MEGAHAWATTA VITHARANALAGE KUMUDU KUMARA","M V KUMUDU KUMARA","872060456V",,"SAM","KALAWANA","104153030411",,
"KALUAGGALA","WB-CMB-2048","ASANKA","EGALA WIDANALAGE DON KARUNATHILAKA","E.W.D.KARUNATHILAKA","511871239V",,"BOC","HANWELLA","7026371",,
"KARAWANELLA","WB-KGL-2052","ASANKA","GUNASINGHA MARASINGHE","G.MARASINGHE","611803281V",,"PEO","BULATHKOHUPITIYA","252200120008707",,
"KITHULGALA","WB-KGL-2059","ASANKA","YADDALA GAMARALAGE","Y.G.DEEPAL","800093996V",,"PEO","KITHULGALA","047200100007092",,
"LABUGAMA","WB-RTP-2113","THANUKA","LABUGAMKANDE KATTADIGE KAROLIS","L.K.KAROLIS","462900970V",,"COM","HANWELLA","8143008942",,
"LUNUGAMWEHERA","SA-HMB-4070","KUMARASIRI","VITHARANAGE RATHNAPALA","V RATHNAPALA","610562132V",,"PEO","THISSAMAHARAMAYA","061-2-001-7-0019252",,
"NIVITHIGALA","SA-RTP-4096","NADEERA","SIVALINGAM SIVAYOGARAJ","S SIVAYOGARAJ","860042703V",,"       ","RATNAPURA","8490013314",,
"PALLEBEDDA","SA-RTP-4062","NADEERA","PANANI KANKANI NEDILAGE PREMARATHNA","P K N PREMARATHNA","802705271V",,"PEO","PALLEBADDA","245 2 001 3 00 38898",,
"PARAKADUWA","WB-RTP-2080","WIJAYATHILAKA","LIYANA  ARACHCHILAGE SOMAPALA","L A SOMAPALA","393652667 V",,"BOC","EHELIYAGODA","9546521",,
"PELWADIYA","SA-RTP-4209","NADEERA","KADUGAM MULLALAGE SOMARATHNA","K M SOMARATHNA","562953060V",,"PEO","RATNAPURA","317 2 00160019 263",,
"EARTHNA","WB-KGL-2122","WIJAYATHILAKA","EARTHNA KANKANAMGE ASOKE PATHMA KUMARA EARTHNA","E.K.A.P.K.EARTHNA","783033704V",,"PEO","KURUWITA","263-2-001-9-0030077",,
"PUSSELLA ","WB-RTP-2109","WIJAYATHILAKA","UDAGAMKANDE PATHIRANANAHAGE SOMANANDA","U P SOMANANDA","610042945 V",,"SAM","EHELIYAGODA","102053798628",,
"THANAMALWILA","SA-MRG-4049","KUMARASIRI","ALUTH PATABENDIGE NISHAN CHAMINDA","A P N CHAMINDA","751732775 V",,"BOC","THANAMALWILA","5938600",,
"THIMBOLKETIYA","SA-RTP-4064","KUMARASIRI","RAJAPAKSHA KARUNANAYAKA MUDIYANSELAGE DILAN INDIKA KULATHUNGA","R K M D I KULATHUNGA","801461638 V",,"PEO","UDAWALAWA","295200190024505",,
"THUNKAMA","SA-RTP-4052","KUMARASIRI","HETTIARACHCHIGE KASUN DULANJANA","H.A.KASUN DULANJANA","941624324V",,"PEO","EMBILIPITIYA","045-2-001-5-0043625",,
"TISSA","SA-HMB-4050","KUMARASIRI","YAKALLA KANKANAMGE TILAK HARISCHANDRA","Y K T HARISCHANDRA","600181629 V",,"BOC","TISSAMAHARAMA","7056870",,
"UDAWALAWA","SA-RTP-4095","KUMARASIRI","WANASAPU RANJITH DE SILVA","W R D SILVA","691960650 V",,"BOC","UDAWALAWA","9859297",,
"YATIYANTHOTA","WB-KGL-2047","ASANKA","WIJESEKARA RANJANA SUBASINGHE","W.R.SUBASINGHE","533201890V",,"PEO","YATIYANTHOTA","047-2-001-5-0009791",,
"AKMEEMANA","SA-GLE-4075","CHATHURANGA","JAYASRI DHAMMIKA GAMAGE","J. D. GAMAGE","672822726V",,"PEO","GALLE MAIN STEET","169200153374085",,
"BADDEGAMA","SA-GLE-4078","CHATHURANGA","WEDAWASAM JALATHGE WILBAT","W. J. WILBAT","611914172V",,"COM","BADDEGAMA","8980013543",,
"BALAPITIYA","SA-GLE-4090","CHATHURANGA","THALAHEWA PATHMASIRI","T. PATHMASIRI","562843680V",,"PEO","AMBALANGODA","0-35200156328251",,
"BOOSSA","SA-GLE-4036","CHATHURANGA","NIMAL ABESEKARA","N S ABEYSEKERA","671440803V",,"PEO","GINTHOTA","013-2001-2-7068157",,
"DEIYANDARA","SA-MTR-4205","LASANTHA","MANIKKUGE PEMAGNYANA","M.PEMAGNYANA","650382242V",,"BOC","DEIYANDARA","7158467",,
"WEWAHAMANDUWA","SA-MTR-4169","LASANTHA","R.P.K.S.GUNARATHNA","R.P.K.S.GUNARATHNA","807123343V",,"BOC","DENIYAYA(BRANCH CODE-132)","8328109",,
"DENIYAYA","SA-MTR-4010","ERANGA","WEJESIRI GUNAWARDENA JEEWAN KUMARA","W.G.J. KUMARA","850351880V",,"COM","DENIYAYA","8111002968",,
"DEVUNDERA","SA-MTR-4164","LASANTHA","RAIGAM KORALALAGE GAYAN RUWAN KUMARA","R K G R KUMARA","871952990 V",,"BOC","DEVINUWARA","6735808",,
"DICKWELLA","SA-MTR-4014","LASANTHA","CIYRIL WIKKRAMASINGHA","C.WICKKRAMASINGHA","601492300V",,"PEO","DIKWELLA","135200106159472",,
"ETHKANDURA","SA-GLE-4079","CHATHURANGA","ANURA RANASINGHE","ANURA RANASINGHE","623274551V",,"BOC","ELPITIYA","4039064",,
"GANDARA_HATCH","SA -MTR-4089","LASANTHA","LOKUGAM HEWAGE ANANDA KUMARASIRI","L.G.H.A.KUMARASIRI","591452690V",,"PEO","GANDARA","307200120019435",,
"ITTAPANA","WB-KLT-2108","RUWAN LAKMAL","T.V.KAMAL PRASANNAA","T.V.K.PRASANNA","740342380V",,"COM","ALUTHGAMA","8400012117",,
"JULAMPITIYA","SA-HMB-4057","KUMARASIRI","KODITHUWAKKU ARACHCHIGE ARIYADASA","K A ARIYADASA","640343354 V",,"BOC","MIDDENIYA","4534236",,
"KALAWILA (*)","WB-KLT-2069","RUWAN LAKMAL","A.H.U.GUNAWARDENA","A.H.U.GUNAWARDENA","653151985V",,"BOC","ALUTHGAMA","2787341",,
"KAMBURUPITIYA","SA-MTR-4013","LASANTHA","MATHTHEGAMAGE MANGALASENA","W.G.MANGALA","771412157V",,"COM","KAMBURUPITIYA","8930002385 (V.DILEKA MADUBASHINI)",,
"KANANKE","SA-MTR-4073","ERANGA","WEERAGODA ARACHCHIGE MALANI","W.A. MALANI","688341752V",,"COM","AKURESSA","8350016041",,
"KARIYAMADITTA","SA-HMB-4097","KUMARASIRI","ABEYNAYAKA JAYAWARDENA AJITH AJANTHA","A J A AJANTHA","850422850 V",,"BOC","MIDDENIYA","74187533",,
"KIRINDA","SA-MTR-4044","LASANTHA","WADANAMBI PIYATHISSA.","W.PIYATHISSA.","532841259V",,"PEO","KIRINDA","130200150029934",,
"KOTAPOLA","SA-MTR-4094","ERANGA","AKMEEMANA LIYANAGE HARSHA MADUSHANKA","A.L. HARSHA MADUSHANKA","880913220V",,"SAM","MORAWAKA","101553473987",,
"MAKANDURA KAMBURUPITIYA","SA-MTR-4098","LASANTHA","KODITHUWAKKU ARACHCHIGE AMARAPALA","K A AMARAPALA","610274374 V",,"BOC","MAKANDURA","4509910",,
"MAPOLAGAMA","SA-GLE-4088","ERANGA","HAPPITIYA KARIYAKARANAGE NIHAL PIYATISSA","H.K.N. PIYATISSA","612863148V",,"COM","UDUGAMA","8129003968",,
"MATHUGAMA","WB-KLT-2028","RUWAN LAKMAL","MAHALIYANAGE DARMASIRI","M.DARMASIRI","491900512V",,"SEY","MATHUGAMA","0660-06604680-101",,
"MAWARALA","SA-MTR-4081","LASANTHA","HEWA DOLEGE PREMAWANSHA","H.D. PREMAWANSHA","733234644V",,"COM","KAMBURUPITIYA","8104010249",,
"MEETIYAGODA","SA-GLE-4048","CHATHURANGA","PARAKRAMA DIAS DISSANAYAKA","P.D DISSANAYAKA","492600717V",,"PEO","BATAPOLA","234-2001-9001-9983",,
"MORAGALA","WB-KLT-2063","RUWAN LAKMAL","VEN.DODANGOLLE UTHTHTARAWANSA THERO","VEN.D.UTHTHTARAWANSA","781674354V",,"NSB","MATHUGAMA","100450408042",,
"MULATIYANA","SA-MTR-4085","ERANGA","UPUL NISHSHANKA JAYAWEERA","U.N. JAYAWEERA","800915244V",,"SAM","MATARA","101053732890",,
"MULGIRIGALA","SA-HMB-4059","KUMARASIRI","MAANAGE RATHNASENA","M RATHNASENA","493650270 V",,"BOC","WEERAKETIYA","4805086",,
"NAKULUGAMUWA","SA-HMB-4072","LASANTHA","GUNASEKARA ARACHCHIGE NISHANTHA DE SILVA","G.A.N.DE SILVA","762993465V",,"PEO","TANGALLE","067200195549695",,
"NELUWA","SA-GLE-4066","ERANGA","GODAPITA GAMAGE MAHESH NANDANA KUMARA","G.G. MAHESH NANDANA KUMARA","783281368V",,"SAM","NELUWA","105450023163",,
"NELUWA_TOWN (TIRUNEVELI )","SA-GLE-4129","ERANGA","DASIRI LIYANAGE PADMASIRI WIJENAYAKA","D.L.P. WJENAYAKA","690924358V",,"COM","NELUWA","8125002813",,
"PITIGALA","SA - GLE - 4031","CHATHURANGA","RANEPURA HEWAGE KELUM KUMARASIRI","R H K KUMARASIRI","810923121 V",,"BOC","PITIGALA","9715573",,
"RANNA","SA-HMB-4039","LASANTHA","W A R MANEL","W A R MANEL","523305816V",,"BOC","TANGALLE","3401144 ",,
"SULTHANAGODA","SA-MTR-4034","LASANTHA","PRIYANKARAGE DAYANIS JAYAWEERA","P.D.JAYAWEERA","342630219V",,"BOC","MATARA","7161003",,
"THIHAGODA","SA-MTR-4038","LASANTHA","A.L.A.W.LIYANAGE","A.L.A.W.LIYANAGE","703370624V",,"SAM","MATARA","101053484048",,
"WALASMULLA_DIALOG","SA-HMB-4053","LASANTHA","VIDANAGAMAGE CHAMINDA","V.G.CHAMINDA","771392970V",,"PEO","WALASMULLA","120200158093852",,
"WANDURAMBA","SA-GLE-4083","ERANGA","MUTHTHULINGAMA RANJAN","M. RANJAN","851142843V",,"SAM","GALLE","103553472463",,
"WEERAKETIYA","SA-HMB-4043","CHANDANA UA","WEERAKOON GAMAACHCHIGE SIRISENA","W G SIRISENA","511901014 V",,"BOC","WEERAKETIYA","9004418",,
"WELIPANNA","WB-KLT-2064","RUWAN LAKMAL","SAMPATH RODRIGO","S.RORDRIGO","880731785V",,"PEO","ALUTHGAMA","070200150006962",,
"YATIYANA","SA-MTR-4040","LASANTHA","NALAKA KAPILAJITH UYANGODA","N.K.UYANGODA","681160531V",,"SAM","MATARA","101050021808",,
"BADALKUMBURA","CA-MRG-6092","AMILA","ELLAWALA PATHIRANHELAGE DARMASENA","E.P.DHARMASENA","573362616V",,"BOC","BADALKUMBURA","8208825",,
"BELIGALLE","CA-BDL-6073","AMILA","LAMA HEWAGE JAYATHISSA","L.H.JAYATHISSA","560513224V",,"PEO","MAHIYANGANA","58200176498446",,
"BERAGALA","CA-BDL-6083","SAMEERA","KOTHMALE GAJANAYAKE MUDIYANSELAGE INDIKA JAYAWARDANA BANDARA","KGMIJ BANDARA","701311493V",,"PEO","HAPUTALE","216-2-001-3-8540058",,
"BORALANDA","CA-MRG-6068","THILANKA","JOSEP UKREST STEVEN JOSEP","J.U.S. JOSEP","760643831V",,"SAM","WELIMADA","108153274955",,
"BUTTALA","CA-MRG-6028","AMILA","KODITHUWAKKU MUHANDIRAMLAGE PREMASIRI","K.M.PREMASIRI","612631654V",,"HNB","BUTTALA","075020017524",,
"DAMBAGALLE","CA-MRG-6074","AMILA","WANNISINGHE MUDIYANSELAGE SOMARATHNA","W.M.SOMARATHNA","751121628 V",,"PEO","MONARAGALA","68200120013744",,
"HASALAKA","CA-BDL-6085","SAMEERA","DISSANAYAKE MUDIYANSELAGE SUNETH ASANKA JAYAWARDANA ","DMSA JAYAWARDANA","822923585V",,"PEO","MAHIYANGANA","058-2-00135798056",,
"HAPUTALE","CA-BDL-6021","SAMEERA","ABDUL JAWAHID MOHAMMAD SHAKEEL MARIKKAR","AJMS MARIKKAR","731122318X",,"PEO","HAPUTALE","216-2-001-7-5641497",,
"KALUPAHANA","SA-BDL-4074","SAMEERA","SENEVIRATHNA MUDIYANSELAGE SIRISENA","SM SIRISENA","392130721V",,"BOC","HALDUMMULLA","6814006",,
"KANDAKETIYA (*)","CA-BDL-6077","SAMEERA","NAWARATHNA MUDIYANSELAGE SALIYA BANDARA NAWARATHNA","NMSB NAWARATHNA","860770113V",,"COM","BADULLA","8520008765",,
"KANDEGEDARA","CA-BDL-6040","SAMEERA","SHAHUL HAMEED MOHAMED FAROOK","SHM FAROOK","503553139V",,"HNB","BADULLA","11020057298",,
"KEPPETIPOLA","CA-BDL-6055","THILANKA","KULARATHNE BANDARA EKANAYAKE","K.B. EKANAYAKE","512533361V",,"BOC","KEPPETIPOLA","8036145",,
"KOSLANDA","CA-BDL-6052","AMILA","LAMA HEWAGE ATHULA WIKKRAMASOORIYA","ATHULA WIKKRAMASURIYA","651301157V",,"PEO","KOSLANDA","260200160012359",,
"KUMBUKKANA","CA-MRG-6069","AMILA","WIKKRAMASINGHA LANDAGE SANTHASIRI","W.L.SANTHASIRI","702591538V",,"PEO","BUTTALA","147200190082736",,
"LAHUGALA","SA-AMP-4222","AHAMED","RATA RANANAGE ILLANGARATHNA","R.R.ILLANGARATHNA","581023782V",,"SAM","MONARAGALA","1074 5327 6613",,
"LUNUWATTE","CA-BDL-6103","THILANKA","MUNDAYYA SHANTHA KUMAR","M.S. KUMAR","752442045 V",,"PEO","UVAPARANAGAMA","156200180021436",,
"MAHAOYA","CA-AMP-6043","AMILA","BULU HEWALAGE SUSANTHA WIJETHILAKA","B.H.S.WIJETHILAKA","722650514V",,"SAM","MAHIYANGANA","1056 5005 1757",,
"MAHIYANGANA","CA-BDL-6019","SAMEERA","DISSANAYAKE MUDIYANSELAGE JAYAWARDANA","DM JAYAWARDANA","543443662V",,"SAM","MAHIYANGANA","1056 5362 3426",,
"MEDAGAMA","CA-MRG-6095","AMILA","DISANAYAKA MUDIYANSELAGE PUNCHIBANDA","D.M.PUNCHIBANDA","RECEIVED A GRAMASEWAKA RECOMMENDATION ONLY",,"BOC","MEDAGAMA","71401877",,
"NAKKALA","CA-MRG-6067","AMILA","THENNAKOON MUDIYANSELAGE AJITH PRIYANTHA","T.M.A.PRIYANATHA","692710681V",,"BOC","BADALKUMBURA","6384047",,
"NUGATHALAWA","CA-BDL-6225","THILANKA","APPUKUTTI ARACHCHIGE DON DARMASENA","A.A.D DARMASENA","380330164V",,"HNB","WELIMADA","33020158266",,
"PADIYATHALAWA 01","CA-AMP-6033","AMILA","HERATH MUDIYANSELAGE SAMAN KUMARA HERATH","H.M.S.K.HERATH","763284840V",,"SAM","BADULLA","1093 5348 7189",,
"POTUVIL","CA-AMP-6059","AHAMED","NANTHAKUMAR SUTHANTHAN","N.SUTHANTHAN","770890829V",,"BOC","POTHUWIL","6170395",,
"OLUVIL","CA-AMP-6098","AHAMED","MOHAMED ISMAIL SAAJAHAN","M.I.SAAJAHAN","832630551V",,"HNB","AKKARAIPATTU","78020097997",,
"SIYABALANDUWA","CA-MRG-6035","AMILA","SEMANMERU PATHIRANA AJITH KUMARA","S.P.A. KUMARA","720841509V",,"BOC","SIYABALANDUWA","6438525",,
"WALAPANE","CA-NEL-6086","THILANKA","WIJEKOON MUDIYANSELAGE ASANKA NAYANAJITH WIJEKOON","W.M.A.N. WIJEKOON","781033251V",,"PEO","WALAPANE","127200190026422",,
"WELIMADA","CA-BDL-6017","THILANKA","MENIK HITIHAMY MUDIYANSELAGE DINUSHIKA MADHUSHANI","M H M D MADHUSHANI","885140866 V",,"SAM","WELIMADA","108153641158",,
"ANGODA","WA-CMB-0086","CHANDANA","JAYAKODY ARACHCHIGE PREMALAL","J.A. PREMALAL","581380216 V",,"COM","KOTIKAWATTE","8119 0150 04",,
"ATTANAGALLE","WA-GMP-0080","PRADEEP","W M B WICHRAMAARACHCHI","W M B WICHRAMAARACHCHI","511391350V",,"PEO","NITTAMBUWA","278100162452007",,
"BADALGAMA","WA-GMP-0092","BRIAN","KANNANGARA ARACHCHGE PIYUMASENA","K.A.PIYUMASENA","470706961V",,"HNB","MARADAGAHAMULLA","79020007337",,
"BOPITIYA","WA-GMP-0207","BRIAN","K.H.SHANTHA ARUNODA","K.H.S .ARUNODA","661811471V",,"SAM","JA ELA","100953270134",,
"MAGADERIYA","WA-GMP-0437","PRADEEP","KAHATAPITIYA RALALAGE PIYASIRI HEMACHANDRA NILMINI KARUNARATHNE","K.R.P.H.N.KARUNARATHNE","633521603V",,"SAM","MIRIGAMA","108653901464",,
"DIVULAPITIYA-10000","WA-GMP-0085","PRADEEP","JAYAKODI ARACHCHIGE THILINA MAHINDA JAYAKODI","J A T M JAYAKODI","631841767 V",,"HNB","DIVULAPITIYA","79020086240",,
"DOMPE","WA-GMP-0125","KRISHANTHA","LIYANA ATHUKOORALALAGE MALITHA IROSHAN ATHUKORALA","L.A.M.I. ATHUKOORALA","861880125V",,"PEO","HANWELLA","229-2-001-8-4227114",,
"DUNAGAHA 2000","WA-GMP-0316","PUSHPE","A KARUNATHILAKE","ALUTHGAMAGE KARUNATHILAKE","640283190 V",,"SAM","MARADAGAHAMULA","118354072332",,
,,"PUSHPE","HENNATH GEDARA  SENEVIRATHNA","H.G SENAVIATHNA","470161655V",,"SEY","MIRIGAMA","078002647860101",,
"GALAPITAMADA","WB-KGL-2119","CHANDIMA","KATAWALA GEDARA JANAKA KRISHAN KUMARA","K.G. JANAKA KRISHAN KUAMARA","801930506V",,"PEO","RAMBUKKANA","101200195130300",,
"KALAPALUWAWA","WA-CMB-0124","CHANDANA","VIJITHA BUWANEKA AMARASINGHE","V.B.AMARASINGHE","582381941V",,"COM","RAJAGIRIYA","8620029071",,
"KOCHCHIKADE","WA-GMP-0047","BRIAN","NUGEGODAGE CIRIL GODFRY SILVA","N.C.G.SILVA","451890930V",,"SEY","KOCHCHIKADE","058005871580101",,
"KUDAMADUWA","WB-CMB-2051","THARANGA","NANDA KUMARA WIJAYASURIYA","N.K WIJAYASURIYA","713292001V",,"COM","KOTTAWA","8121022581",,
"MEEGODA","WB-CMB-2038","THARANGA","COLOMBO THANTHRIGE PEMARATHNE","C T PEMARATHNE","482859855V",,"BOC","MEEGODA","73936506",,
"ALGAMA-4000","WA-KGL-0304","PRADEEP","ILANDARI PELIGE NIMAL KARUNATHILAKA JAYATHISSA","I.P.N.K.JAYATHISSA","631254497V",,"PEO","WARAKAPOLA","054-2-001-8-3200785",,
"MIRISWATTA","WA-GMP-0160","BRIAN","DON ROSHAN THUSHARA ATAMPALAARACHCHI","D.R.T ATAMPALAARACHCHI","713180700V",,"COM","NEGAMBO","8337969801",,
"MORAGAHAHENA","WB-CMB-2055","THARANGA","PUSWELI MULLA GAMAGE DAMMIKA SUDARSHANI","P.M.G.D SUDARSHANI","716912345V",,"PEO","MORAGAHAHENA","041 2001 6001 3149",,
"PANNIPITIYA","WB-CMB-2020","THARANGA","SURAWIRA ARACHCHIGE SOMADASA","S.A SOMADASA","492780219V",,"PEO","KOTTAWA","328-2-001-2-0017047",,
"PUGODA","WA-GMP-0081","ASANKA","WANNI ARACHCHIGE DON WIJEDASA","W.A.D.WIJEDASA","433521005V",,"BOC","PUGODA","8737967",,
"RADHAWANA","WA-GMP-0102","PRADEEP","KASTHURI ARACHCHILAGE SUMANAWARDHANA","K.A.SUMANAWARDHANA","483143281V",,"SAM","KIRIDIWELA","108353498284",,
"THIHARIYA","WA-GMP-0088","PRADEEP","RANASINHE ARACHCHIGE SHAMALI PERARA","R.A.S.PERARA","645741986 V",,"SAM","NITTAMBUWA","107153497095",,
"WALPOLA","WA-GMP-0151","JEEWANTHA","WELATHANTHIRIGE PIYASIRI BOTEJU","W.P. BOTEJU","523510576V",,"BOC","RAGAMA","71646745",,
"WEEDIYAGODA","WB-CMB-2058","THARANGA","WALGAMA DAMINDA","WALGAMA DAMINDA","830912789V",,"PEO","BANDARAGAMA","121200124046899",,
"WELIVERIYA","WA-GMP-0054","KRISHANTHA","HALAWATHAGE MADURA GAYAN PERERA","H M G PERERA","811631221V",,"PEO","DELGODA","118-2-001-1-0019567",,
"THALAWILA ","NA-PTM-8161","SANJAYA","PATHTHINI KUTTEGE NILANTHI MARI JASINTHA NONIS","P.K.N.M.J.NONIS","696244162V",,"PEO","KALPITIYA","125-200160001626",,
"GIRANDURUKOTTE","CA-BDL-6032","SAMEERA","THIRAKANDA HELAGE DON GUNASIRI SARATHCHANDRA","THDG SARATHCHANDRA","862050606V",,"BOC","GIRANDURUKOTTE / 669","3128771",,
"NEBODA","WB-KLT-2034","RUWAN LAKMAL","ARUMUGAN KUMAR","A.KUMAR","782441736V",,"COM","MATHUGAMA","8960007737",,
"GALAGEDARA 2","CA-KDY-6022","RANDENIYA","BANANGA WALUDDENIYE GEDARA SARATH MAHINDA","B.W.G.SARATH MAHINDA","660493379V",,"COM","KATUGASTHOTA","8450015542",,
"KADUGANNAWA TOWN/MUNDAGIRIYA","CA-KDY-6071","CHANDIMA","WALAKADA WATTEGEDARA THILAKARATHNA CHAMINDA BANDARA GALKOTUWA","W G C BANDARA","843071104V",,"PEO","KADUGANNAWA","159-2-001-4-0012183",,
"HUNNAS TW","CA-KDY-6140","PRAGEETH","RADAVADUNNALAGE RASIKA PRIYADARSHANA","RR PRIYADARSHANA","761291394V",,"PEO","GAMPAHA","26200331680309",,
"HETTIMULLA","WA-KGL-0199","CHANDIMA","LANKAPURAYALAGE JAYASINGHE","L.P.JAYASINGHE","663533746V",,"COM","KEGALLE","8210011284",,
"MORAWAKA","SA-MTR-4054","ERANGA","JASIN LIYANAGE INDIKA KUMARA","J L I KUMARA","433040570V",,"SAM","MORAWAKA","101553165089",,
"WARAKAPOLA","WA-KGL-0039","PRADEEP","I P JAYASENA","I P JAYASENA","560233299 V",,"SAM","WATTALA","100850261975",,
"PADAVIYA","NA-ANP-8055","AMILA K","MADAWALA WITHANAGE ANURA KUMARA","M.W. ANURA KUMARA","812200224V",,"BOC","PADAVIYA","8748799",,
"MUDDARAGAMA","WA-GMP-0351","PRADEEP","UKWATHTHAGE GUNATHILAKE","U.GUNATHILAKE","411601412 V",,"PEO","VEYANGODA","079-2-001-7-4339075",,
"DEWAHUWA","NA-ANP-8192","DINESH","WERADUWAGE ROSHAN SUSIL KUMARA","W.R.S.KUMARA","743547734V",,"COM","DAMBULLA","8354932101",,
"UKUWELA","NA-MTL-8093","RANDENIYA","SIYABALAGAHA GEDARA  PALITHA","S.G.PALITHA","741861186V",,"PEO","UKUWELA","201-2-001-3-0005163",,
"KEKANADURA","SA-MTR-4124","LASANTHA","A JAYASINGHE","A JAYASINGHE","752613320V",,"PEO","MATARA UYANWATTE","032200122507797",,
"TANGALLE","SA-HMB-4020","LASANTHA","VIDANA MOHANDIRAMGE NIMAL","V.M.NIMAL","542241730V",,"PEO","TANGALLE","067200190024259",,
"BANDIGODA","WA-GMP-0234","JEEWANTHA","WERAGODA GAMAGE DONA MERI BEATRICE","W G D M BEATRICE","446370545V",,"BOC","JA ELA","459008",,
"RAMBUKKANA","NA-KGL-8070","CHANDIMA","JAYASINGHE MANCHEGE PUSHPA RANJITH DE SILVA","J.M.P.RANJITH DE SILVA","581130945V",,"BOC","RAMBUKKANA","5591096",,
"NAKIYADENIYA","SA-GLE-4056","ERANGA","WEERASINGHE ARACHCHIGE SADDHASENA WEERASINGHE","W.A. SADDASENA WEERASINGHE","520642951V",,"PEO","UDUGAMA","131200140049418",,
"HOMAGAMA","WB-CMB-2019","THARANGA","AKMIMANA GAMAGE SUMITH PRASANTHA GUNASAKARA","A.G.S.P GUNASEKARA","761000667V",,"COM","HOMAGAMA","8750033292",,
"PULLEYAR JUNCTION","NA-ANP-8222","AMILA K","MIRISSA MALLIKAGE KARUNADASA","M.M. KARUNADASA","620423661V",,"HNB","ANURADHAPURA","010020166212",,
"URUBOKKA","SA-MTR-4069","ERANGA","MALAVI PATHIRANAGE CHANDRASIRI","M.P CHANDRASIRI","612070652V",,"SAM","DENIYAYA","101553484869",,
"MATHAWA","NAKUG-8105","RUWINGA","HAPAN WEERALAGE SIRIL WEERASINGHE","H.W.S. WEERASINGHE","752714851V",,"SAM","KURUNEGALA","100653796730",,
"SEEPPUKULAMA","NA-ANP-8113","AMILA K","MUTHUKUDA ARACHCHIGE KARUNADASA PERERA","M A K PERERA","502512781 V",,"RDB","MIHINTHALE","10-15053-1",,
"MEDAWACHCHIYA","NA-ANP-8042","AMILA K","SUBASINGHA MUDIYANSELAGE GAMINI CHANDRASEKARA","S.M.G. CHANDRASEKARA","643572370V",,"BOC","MEDAWACHCHIYA","162-71348682",,
"BELUHULOYA","SA-RTP-4042","NADEERA","PAYAGALA GAMARALALAGE SUNITHA PRASANNA AMARASIRI","P G S P AMARASIRI","651373484V",,"BOC","BELIHULOYA","6795506",,
"IMBULPE","SA-RTP-4077","NADEERA","PIYASEKERALAGE INDIKA RUWAN KUMARA","P I R KUMARA","760402044 V",,"SAM","WADDUWA","107553155851",,
"WELIGEPOLA - LELLOPITIYA","SA-RTP-4159","NADEERA","PADUKKA VIDANANELALAGE HARISCHANDRA","P V HARISCHANDRA","803033749V",,"PEO","WELIGEPOLA","0172 00130007343",,
"HIRANA","WB CMB 2021","KOSHALA","BALACHANDRAARACHCHILAGE DON NANDAWARNA AMARAJEEWA","B.D.N AMARAJEEWA","881962403 V",,"HNB","PANADURA","069020121828",,
"VIJAYAPURA","NA-PLN-8264","ABEYNAYAKA","KAPUHENNAYAKE MUDIYANSELAGE UPASAKA GEDARA HEENBANDA","K.M.U.G.HEENBANDA","443610278V",,"BOC","MEDIRIGIRIYA","8380357",,
"NEKETHTHEGAMA","NA-ANP-8178","KEERTHI","APPUHAMIGE JAYAWARDANA","A.JAYAWARDANA","460340055V",,"PEO","NOCHCHIYAGAMA","171 2001 80006568",,
"ANAMADUWA ","NA-PTM-8023","WARUNA","S.M.S.S UDAYASIRI","S.M.S.S UDAYASIRI","761100742 V",,"BOC","ANAMADUWA","3917040",,
"WEWELDENIYA","WA-GMP-0172","PRADEEP","REV DODAMGASLANDE RATHANATHISSA THERO","REV D.RATHANATHISSA","730663420V",,"SAM","NITTAMBUWA","107153498487",,
"OKKAMPITIYA","CA-MRG-6213","AMILA","KUMARA WIDANALAGE DINUSHA SHASHIKAMAL KARUNASENA","K.W.D.S.KARUNASENA","911852993 V",,"BOC","OKKAMPITIYA","70425022",,
"MATALE HETTIPOLA","NAMTL-8067","SAMEERA","S.M.P.G. NAWARATHNA","SUBASINHA MUDIYANSELAGE PALLE GEDARA NWARATHNA","672272556V",,"PEO","WILGAMUWA","122200140048315",,
"HIRIYALA","NAKUG-8115","SUJEEWA","K.M.C. KUMARA","KIRIMUDIYANSELAGE CHANDRA KUMARA","783223015V",,"PEO","ETHUGALPURA","334-2-001-3-0084773",,
"GALKULAMA-ANU","NA-ANP-8112","KEERTHI","WANIGANAYAKA PATHIRUNNAHALAGE VIJAYA KUMARA","W P VIJAYA KUMARA","780372249V",,"NSB","ANURADHAPURA","1-0906-80-1244-0",,
"AYAGAMA","SA-RTP-4339","NADEERA","GALAPITAGE MAHESH WIJERATHNA","G M WIJERATHNA","832094390V",,"BOC","AYAGAMA","1860508",,
"ANGULUGAHA","SA-GLE-4055","ERANGA","THUSHARA PARANAWITHANA","T. PARANAWITHANA","732731636V",,"SAM","GALLE","103553796215",,
"PALAVIYA","NA-PTM-8061","WARUNA","D.A.P FERNANDO","D.A.P FERNANDO","851100024V",,"COM","PUTTALAM","8148000476",,
"HABARANA","NA-ANP-8029","ABEYNAYAKA","WARNASURIYA PATABADIGE NANDASENA","W.P.NANDASENA","430310011V",,"PEO","HABARANA","203-2-001-5-0005217",,
"AMITHIRIGALA","WB-KGL-2085","ASANKA","AMARASINGHE ARACHCHILAGE GUNAPALA AMARASINGHE","A A G AMARASINGHE","592342200 V",,"PEO","AMITHIRIGALA","202200170008036",,
"AGALAWATTE","WB-KLT-2066","RUWAN LAKMAL","DOLAWATTE ARACHCHIGE CHANDRADASA","D A D CHANDRADASA","560230737 V",,"BOC","AGALAWATTE","4914681",,
"ENDANA","SA-RTP-4375","NADEERA","ILUKTHANNA WAHAMPURAGE KARUNASENA","I.W. KARUNASENA","670574350V",,"COM","KAHAATTA","8133002283",,
"GILEEMALE","SA-RTP-4280","NADEERA","GALEGEDARA WASANTHA PUSHPA KUMARA","G .W. PUSHPA KUMARA","790100557V",,"SAM","RATNAPURA","1033-5386-7396",,
"GILEEMALE","SA-RTP-4280","NADEERA","BOLONCHNALAGE ROHITHA RUWAN AMARASINGHA","B R R AMARAINGHA","751872577V",,"HNB","RATNAPURA","30020181528",,
"SEENIMODARA","SA-HMB-4252","LASANTHA","RATHNAWEERA PATABENDIGE ISURU LAKMAL","R P I LAKMAL","863073260 V",,"COM","TANGALLE","8123004464",,
"ENDARUTHENNA","CA-KDY-6174","RANDENIYA","WEERASINGHE GAMINI WICKRAMARATHNE","W G WICKRAMARATHNE","583543708 V",,"COM","KANDY CITY","8150906992",,
"PELAWATTE","SA-KLT-4082","RUWAN LAKMAL","KARANDANA LEKAMLAGE WIMALSIRI SUDASINGHE","K L W SUDASINGHE","751363990V",,"PEO","PELAWATTE","261 2 001 0 0028188",,
"DIGANA","CAKDY 6030","PRAGEETH","RANPOTHI GEDARA MAITHRIPALA","RG MAITHRIPALA","601573920V",,"BOC","DIGANA","70217479",,
"KATUKELIYAWA","NA-ANP-8220","AMILA K","HETTI ARACHCHIGE SOMASIRI","H A SOMASIRI","611483147V",,"HNB","ANURADHAPURA","10020139994",,
"MARAVILA","NA-PTM-8018","BRIAN","DAVID MAHENDRA ANIL FERNANDO","D M A FERNANDO","570700464 V",,"COM","NATTANDIYA","8224770401",,
"KANDAWALA","WA-GMP-0334","BRIAN","KODIKARA AARACHCHILAGE SOMAPALA","K A SOMAPALA","491843330 V",,"PEO","WARAKAPOLA","054-2-001-9-0003730",,
"AMBEPUSSA BOTHALE","WA-GMP-0519","PRADEEP","HENAKA RALALAGE PIYARATHNA","H.R. PIYARATHNE","513301367V",,"SEY","MEERIGAMA","0780-33346176-101",,
"POLGAHAWELA","NAKUG-8026","RUWINGA","EGODA KAMKANAMALAGE JAYASHRI RUWAN SAGARA","E.K.J.R.SAGARA","721962385V",,"COM","POLGAHAWELA","8141001277",,
"BATTARAMULLA","WA CMB 0035","CHANDANA","HEWA DECAGE SUMITH NISHANTHA","H D S NISHANTHA","711200940 V",,"PEO","BATTARAMULLA","208200140015752",,
"HURULUNIKAWEWA","NA ANP 8496","KEERTHI","KONARA MUDIYANSELAGE PRASANNA KARUNARATHNE","K M P KARUNARATHNE","741124149 V",,"PEO","GALENBINDUNUWEWA","177200160062185",,
"THALAWAKELE","CA NEL 6054","DIMUTHU","V PALANIYANDY","V PALANIYANDY","451582542V",,"PEO","THALAWAKELE","382070458835",,
"WADAKADA","NA KUG 8083","RUWINGA","H N S P SENAVIRATHNE","HINTHARA NAIDELAGE SHANAKA PRADEEP SENAVIRATHNE.",,,"BOC","POTUHERA","9535074",,
"WALGAMMULA","SA-HMB-4150 ","CHANDANA KUMARA","D H SARATH","DUMINGU HEWAGE SARATH","612030634 V",,"PEO","WALASMULLA","120 2 002 9 8568273",,
"NILDANDAHINNA","CA- NEL-6336","THILANKA","D.G. GUNERIS","D.G. GUNERIS","612944920V",,"PEO","NILDANDAHINNA","127200100015282",,
"MELSIRIPURA","NA-KUG-8050","RAVI","U.G.SUNIL CHANDRAPALA","U.G.SUNIL CHANDRAPALA","672942098V",,"BOC","MELSIRIPURA","6039879",,
"KOHOLANWALA","NA-MTL-8177","DINESH","K . ALAN KUMARA","KITHNASAMI ALAN KUMARA ","841954181V",,"COM","MATALE","8080029805",,
"WANDURAGALA","NA-KUG-8193","RUWINGA","WERAHERA LIYANAGE HEMAPALA","WERAHERA LIYANAGE HEMAPALA","542391413V",,"SAM","KURUNEGALA","100654349110",,
,,,,,,,,,,,
,,,,,,,,,,,
,,,,,,,,"TOTAL NO OF CARETAKERS","287",,
,,,,,,,,"NO OF HOLD PAYMENTS","9",,
